solid OpenSCAD_Model
  facet normal -1 0 0
    outer loop
      vertex -106 -17.5 -8
      vertex -106 17.5 0
      vertex -106 17.5 -8
    endloop
  endfacet
  facet normal -1 -0 0
    outer loop
      vertex -106 17.5 0
      vertex -106 -17.5 -8
      vertex -106 -17.5 0
    endloop
  endfacet
  facet normal 0 0 1
    outer loop
      vertex 106 17.5 0
      vertex 95 -14.5 0
      vertex 106 -17.5 0
    endloop
  endfacet
  facet normal -0 0 1
    outer loop
      vertex 81 17.5 0
      vertex 95 -14.5 0
      vertex 106 17.5 0
    endloop
  endfacet
  facet normal 0 0 1
    outer loop
      vertex 95 -14.5 0
      vertex 81 17.5 0
      vertex 81 -14.5 0
    endloop
  endfacet
  facet normal 0 0 1
    outer loop
      vertex 106 -17.5 0
      vertex 95 -14.5 0
      vertex 95 -17.5 0
    endloop
  endfacet
  facet normal 0 0 1
    outer loop
      vertex -81 17.5 0
      vertex -95 -14.5 0
      vertex -81 -14.5 0
    endloop
  endfacet
  facet normal -0 0 1
    outer loop
      vertex -106 17.5 0
      vertex -95 -14.5 0
      vertex -81 17.5 0
    endloop
  endfacet
  facet normal 0 0 1
    outer loop
      vertex -106 -17.5 0
      vertex -95 -14.5 0
      vertex -106 17.5 0
    endloop
  endfacet
  facet normal 0 0 1
    outer loop
      vertex -95 -14.5 0
      vertex -106 -17.5 0
      vertex -95 -17.5 0
    endloop
  endfacet
  facet normal 0 0 1
    outer loop
      vertex -5 17.5 0
      vertex -59 17.5 0
      vertex -5 11.5 0
    endloop
  endfacet
  facet normal 0 0 1
    outer loop
      vertex 5 11.5 0
      vertex 59 17.5 0
      vertex 5 17.5 0
    endloop
  endfacet
  facet normal 0 0 1
    outer loop
      vertex 59 17.5 0
      vertex 5 11.5 0
      vertex 59 -14.5 0
    endloop
  endfacet
  facet normal 0 0 1
    outer loop
      vertex 5 11.5 0
      vertex 4 -14.5 0
      vertex 59 -14.5 0
    endloop
  endfacet
  facet normal 0 0 1
    outer loop
      vertex 4 -14.5 0
      vertex -4 -14.5 0
      vertex 4 -17.5 0
    endloop
  endfacet
  facet normal 0 0 1
    outer loop
      vertex 5 11.5 0
      vertex -4 -14.5 0
      vertex 4 -14.5 0
    endloop
  endfacet
  facet normal -0 0 1
    outer loop
      vertex -5 11.5 0
      vertex -4 -14.5 0
      vertex 5 11.5 0
    endloop
  endfacet
  facet normal 0 0 1
    outer loop
      vertex -59 -14.5 0
      vertex -5 11.5 0
      vertex -59 17.5 0
    endloop
  endfacet
  facet normal 0 0 1
    outer loop
      vertex -5 11.5 0
      vertex -59 -14.5 0
      vertex -4 -14.5 0
    endloop
  endfacet
  facet normal 0 0 1
    outer loop
      vertex 4 -17.5 0
      vertex -4 -14.5 0
      vertex -4 -17.5 0
    endloop
  endfacet
  facet normal -0 0 1
    outer loop
      vertex 68.3492 17.5 0
      vertex 71.6508 -14.5 0
      vertex 71.6508 17.5 0
    endloop
  endfacet
  facet normal 0 0 1
    outer loop
      vertex 71.6508 -14.5 0
      vertex 68.3492 17.5 0
      vertex 68.3492 -14.5 0
    endloop
  endfacet
  facet normal -0 0 1
    outer loop
      vertex -71.6508 17.5 0
      vertex -68.3492 -14.5 0
      vertex -68.3492 17.5 0
    endloop
  endfacet
  facet normal 0 0 1
    outer loop
      vertex -68.3492 -14.5 0
      vertex -71.6508 17.5 0
      vertex -71.6508 -14.5 0
    endloop
  endfacet
  facet normal 1 -0 0
    outer loop
      vertex 106 -17.5 0
      vertex 106 17.5 -8
      vertex 106 17.5 0
    endloop
  endfacet
  facet normal 1 0 0
    outer loop
      vertex 106 17.5 -8
      vertex 106 -17.5 0
      vertex 106 -17.5 -8
    endloop
  endfacet
  facet normal 0 0 -1
    outer loop
      vertex -95 -17.5 -8
      vertex -4 -17.5 -8
      vertex -4 -34.5 -8
    endloop
  endfacet
  facet normal 0 0 -1
    outer loop
      vertex -95 -17.5 -8
      vertex -4 -34.5 -8
      vertex -95 -34.5 -8
    endloop
  endfacet
  facet normal 0 0 -1
    outer loop
      vertex -4 -17.5 -8
      vertex -95 -17.5 -8
      vertex -5 11.5 -8
    endloop
  endfacet
  facet normal -0 0 -1
    outer loop
      vertex -5 11.5 -8
      vertex -95 -17.5 -8
      vertex -5 17.5 -8
    endloop
  endfacet
  facet normal 0 0 -1
    outer loop
      vertex -106 17.5 -8
      vertex -95 -17.5 -8
      vertex -106 -17.5 -8
    endloop
  endfacet
  facet normal 0 0 -1
    outer loop
      vertex -95 -17.5 -8
      vertex -106 17.5 -8
      vertex -5 17.5 -8
    endloop
  endfacet
  facet normal 0 0 -1
    outer loop
      vertex 4 -17.5 -8
      vertex 95 -17.5 -8
      vertex 95 -34.5 -8
    endloop
  endfacet
  facet normal 0 0 -1
    outer loop
      vertex 4 -17.5 -8
      vertex 95 -34.5 -8
      vertex 4 -34.5 -8
    endloop
  endfacet
  facet normal 0 0 -1
    outer loop
      vertex 95 -17.5 -8
      vertex 4 -17.5 -8
      vertex 5 11.5 -8
    endloop
  endfacet
  facet normal 0 0 -1
    outer loop
      vertex -4 -17.5 -8
      vertex 5 11.5 -8
      vertex 4 -17.5 -8
    endloop
  endfacet
  facet normal -0 0 -1
    outer loop
      vertex 5 11.5 -8
      vertex -4 -17.5 -8
      vertex -5 11.5 -8
    endloop
  endfacet
  facet normal 0 0 -1
    outer loop
      vertex 95 -17.5 -8
      vertex 106 17.5 -8
      vertex 106 -17.5 -8
    endloop
  endfacet
  facet normal 0 0 -1
    outer loop
      vertex 5 11.5 -8
      vertex 106 17.5 -8
      vertex 95 -17.5 -8
    endloop
  endfacet
  facet normal -0 0 -1
    outer loop
      vertex 106 17.5 -8
      vertex 5 11.5 -8
      vertex 5 17.5 -8
    endloop
  endfacet
  facet normal 0 -1 0
    outer loop
      vertex 95 -17.5 -8
      vertex 106 -17.5 0
      vertex 95 -17.5 0
    endloop
  endfacet
  facet normal 0 -1 -0
    outer loop
      vertex 106 -17.5 0
      vertex 95 -17.5 -8
      vertex 106 -17.5 -8
    endloop
  endfacet
  facet normal 0 -1 0
    outer loop
      vertex -106 -17.5 -8
      vertex -95 -17.5 0
      vertex -106 -17.5 0
    endloop
  endfacet
  facet normal 0 -1 -0
    outer loop
      vertex -95 -17.5 0
      vertex -106 -17.5 -8
      vertex -95 -17.5 -8
    endloop
  endfacet
  facet normal 0 -1 0
    outer loop
      vertex -4 -17.5 -8
      vertex 4 -17.5 0
      vertex -4 -17.5 0
    endloop
  endfacet
  facet normal 0 -1 -0
    outer loop
      vertex 4 -17.5 0
      vertex -4 -17.5 -8
      vertex 4 -17.5 -8
    endloop
  endfacet
  facet normal 0 1 -0
    outer loop
      vertex -5 17.5 -8
      vertex -59 17.5 0
      vertex -5 17.5 0
    endloop
  endfacet
  facet normal 0 1 0
    outer loop
      vertex -106 17.5 -8
      vertex -59 17.5 0
      vertex -5 17.5 -8
    endloop
  endfacet
  facet normal 0 1 0
    outer loop
      vertex -59 17.5 0
      vertex -106 17.5 -8
      vertex -68.3492 17.5 0
    endloop
  endfacet
  facet normal 0 1 0
    outer loop
      vertex -68.3492 17.5 0
      vertex -106 17.5 -8
      vertex -71.6508 17.5 0
    endloop
  endfacet
  facet normal 0 1 0
    outer loop
      vertex -71.6508 17.5 0
      vertex -106 17.5 -8
      vertex -81 17.5 0
    endloop
  endfacet
  facet normal 0 1 0
    outer loop
      vertex -81 17.5 0
      vertex -106 17.5 -8
      vertex -106 17.5 0
    endloop
  endfacet
  facet normal 0 1 -0
    outer loop
      vertex -65.9999 17.5 12.9866
      vertex -68.5 17.5 18
      vertex -59 17.5 18
    endloop
  endfacet
  facet normal 0 1 0
    outer loop
      vertex -68.5 17.5 18
      vertex -67.91 17.5 13.89
      vertex -68.5 17.5 14.0378
    endloop
  endfacet
  facet normal 0 1 0
    outer loop
      vertex -68.5 17.5 18
      vertex -67.2447 17.5 13.6519
      vertex -67.91 17.5 13.89
    endloop
  endfacet
  facet normal 0 1 0
    outer loop
      vertex -68.5 17.5 18
      vertex -66.6059 17.5 13.3498
      vertex -67.2447 17.5 13.6519
    endloop
  endfacet
  facet normal 0 1 0
    outer loop
      vertex -68.5 17.5 18
      vertex -65.9999 17.5 12.9866
      vertex -66.6059 17.5 13.3498
    endloop
  endfacet
  facet normal 0 1 0
    outer loop
      vertex -59 17.5 18
      vertex -65.4324 17.5 12.5657
      vertex -65.9999 17.5 12.9866
    endloop
  endfacet
  facet normal 0 1 0
    outer loop
      vertex -59 17.5 18
      vertex -64.9088 17.5 12.0912
      vertex -65.4324 17.5 12.5657
    endloop
  endfacet
  facet normal 0 1 0
    outer loop
      vertex -59 17.5 18
      vertex -64.4343 17.5 11.5676
      vertex -64.9088 17.5 12.0912
    endloop
  endfacet
  facet normal 0 1 0
    outer loop
      vertex -59 17.5 18
      vertex -64.0134 17.5 11.0001
      vertex -64.4343 17.5 11.5676
    endloop
  endfacet
  facet normal 0 1 0
    outer loop
      vertex -59 17.5 18
      vertex -63.6502 17.5 10.3941
      vertex -64.0134 17.5 11.0001
    endloop
  endfacet
  facet normal 0 1 0
    outer loop
      vertex -59 17.5 18
      vertex -63.3481 17.5 9.75532
      vertex -63.6502 17.5 10.3941
    endloop
  endfacet
  facet normal 0 1 0
    outer loop
      vertex -59 17.5 18
      vertex -63.11 17.5 9.09005
      vertex -63.3481 17.5 9.75532
    endloop
  endfacet
  facet normal 0 1 0
    outer loop
      vertex -59 17.5 18
      vertex -62.9383 17.5 8.40465
      vertex -63.11 17.5 9.09005
    endloop
  endfacet
  facet normal 0 1 0
    outer loop
      vertex -59 17.5 18
      vertex -62.8347 17.5 7.70572
      vertex -62.9383 17.5 8.40465
    endloop
  endfacet
  facet normal 0 1 -0
    outer loop
      vertex -59 17.5 0
      vertex -62.8347 17.5 7.70572
      vertex -59 17.5 18
    endloop
  endfacet
  facet normal 0 1 0
    outer loop
      vertex -62.8347 17.5 7.70572
      vertex -59 17.5 0
      vertex -62.8 17.5 7
    endloop
  endfacet
  facet normal 0 1 0
    outer loop
      vertex -62.8 17.5 7
      vertex -59 17.5 0
      vertex -62.8347 17.5 6.29428
    endloop
  endfacet
  facet normal 0 1 0
    outer loop
      vertex -62.8347 17.5 6.29428
      vertex -59 17.5 0
      vertex -62.9383 17.5 5.59535
    endloop
  endfacet
  facet normal 0 1 0
    outer loop
      vertex -62.9383 17.5 5.59535
      vertex -59 17.5 0
      vertex -63.11 17.5 4.90995
    endloop
  endfacet
  facet normal 0 1 0
    outer loop
      vertex -59 17.5 0
      vertex -63.3481 17.5 4.24468
      vertex -63.11 17.5 4.90995
    endloop
  endfacet
  facet normal 0 1 0
    outer loop
      vertex -59 17.5 0
      vertex -63.6502 17.5 3.60594
      vertex -63.3481 17.5 4.24468
    endloop
  endfacet
  facet normal 0 1 0
    outer loop
      vertex -59 17.5 0
      vertex -64.0134 17.5 2.99989
      vertex -63.6502 17.5 3.60594
    endloop
  endfacet
  facet normal 0 1 0
    outer loop
      vertex -59 17.5 0
      vertex -64.4343 17.5 2.43237
      vertex -64.0134 17.5 2.99989
    endloop
  endfacet
  facet normal 0 1 0
    outer loop
      vertex -59 17.5 0
      vertex -64.9088 17.5 1.90883
      vertex -64.4343 17.5 2.43237
    endloop
  endfacet
  facet normal 0 1 0
    outer loop
      vertex -59 17.5 0
      vertex -65.4324 17.5 1.43432
      vertex -64.9088 17.5 1.90883
    endloop
  endfacet
  facet normal 0 1 0
    outer loop
      vertex -59 17.5 0
      vertex -65.9999 17.5 1.01342
      vertex -65.4324 17.5 1.43432
    endloop
  endfacet
  facet normal 0 1 0
    outer loop
      vertex -59 17.5 0
      vertex -66.6059 17.5 0.650167
      vertex -65.9999 17.5 1.01342
    endloop
  endfacet
  facet normal 0 1 0
    outer loop
      vertex -59 17.5 0
      vertex -67.2447 17.5 0.348067
      vertex -66.6059 17.5 0.650167
    endloop
  endfacet
  facet normal 0 1 0
    outer loop
      vertex -59 17.5 0
      vertex -67.91 17.5 0.110029
      vertex -67.2447 17.5 0.348067
    endloop
  endfacet
  facet normal 0 1 0
    outer loop
      vertex -67.91 17.5 0.110029
      vertex -59 17.5 0
      vertex -68.3492 17.5 0
    endloop
  endfacet
  facet normal 0 1 0
    outer loop
      vertex -72.09 17.5 13.89
      vertex -71.5 17.5 18
      vertex -71.5 17.5 14.0378
    endloop
  endfacet
  facet normal 0 1 0
    outer loop
      vertex -72.7553 17.5 13.6519
      vertex -71.5 17.5 18
      vertex -72.09 17.5 13.89
    endloop
  endfacet
  facet normal 0 1 0
    outer loop
      vertex -73.3941 17.5 13.3498
      vertex -71.5 17.5 18
      vertex -72.7553 17.5 13.6519
    endloop
  endfacet
  facet normal 0 1 0
    outer loop
      vertex -74.0001 17.5 12.9866
      vertex -71.5 17.5 18
      vertex -73.3941 17.5 13.3498
    endloop
  endfacet
  facet normal 0 1 0
    outer loop
      vertex -71.5 17.5 18
      vertex -74.0001 17.5 12.9866
      vertex -81 17.5 18
    endloop
  endfacet
  facet normal 0 1 -0
    outer loop
      vertex -74.5676 17.5 12.5657
      vertex -81 17.5 18
      vertex -74.0001 17.5 12.9866
    endloop
  endfacet
  facet normal 0 1 -0
    outer loop
      vertex -75.0912 17.5 12.0912
      vertex -81 17.5 18
      vertex -74.5676 17.5 12.5657
    endloop
  endfacet
  facet normal 0 1 -0
    outer loop
      vertex -75.5657 17.5 11.5676
      vertex -81 17.5 18
      vertex -75.0912 17.5 12.0912
    endloop
  endfacet
  facet normal 0 1 -0
    outer loop
      vertex -75.9866 17.5 11.0001
      vertex -81 17.5 18
      vertex -75.5657 17.5 11.5676
    endloop
  endfacet
  facet normal 0 1 -0
    outer loop
      vertex -76.3498 17.5 10.3941
      vertex -81 17.5 18
      vertex -75.9866 17.5 11.0001
    endloop
  endfacet
  facet normal 0 1 -0
    outer loop
      vertex -76.6519 17.5 9.75532
      vertex -81 17.5 18
      vertex -76.3498 17.5 10.3941
    endloop
  endfacet
  facet normal 0 1 -0
    outer loop
      vertex -76.89 17.5 9.09005
      vertex -81 17.5 18
      vertex -76.6519 17.5 9.75532
    endloop
  endfacet
  facet normal 0 1 -0
    outer loop
      vertex -77.0617 17.5 8.40465
      vertex -81 17.5 18
      vertex -76.89 17.5 9.09005
    endloop
  endfacet
  facet normal 0 1 -0
    outer loop
      vertex -77.1653 17.5 7.70572
      vertex -81 17.5 18
      vertex -77.0617 17.5 8.40465
    endloop
  endfacet
  facet normal 0 1 0
    outer loop
      vertex -81 17.5 0
      vertex -77.1653 17.5 7.70572
      vertex -77.2 17.5 7
    endloop
  endfacet
  facet normal 0 1 0
    outer loop
      vertex -81 17.5 0
      vertex -77.2 17.5 7
      vertex -77.1653 17.5 6.29428
    endloop
  endfacet
  facet normal 0 1 0
    outer loop
      vertex -81 17.5 0
      vertex -77.1653 17.5 6.29428
      vertex -77.0617 17.5 5.59535
    endloop
  endfacet
  facet normal 0 1 0
    outer loop
      vertex -81 17.5 0
      vertex -77.0617 17.5 5.59535
      vertex -76.89 17.5 4.90995
    endloop
  endfacet
  facet normal 0 1 0
    outer loop
      vertex -77.1653 17.5 7.70572
      vertex -81 17.5 0
      vertex -81 17.5 18
    endloop
  endfacet
  facet normal 0 1 0
    outer loop
      vertex -76.6519 17.5 4.24468
      vertex -81 17.5 0
      vertex -76.89 17.5 4.90995
    endloop
  endfacet
  facet normal 0 1 0
    outer loop
      vertex -76.3498 17.5 3.60594
      vertex -81 17.5 0
      vertex -76.6519 17.5 4.24468
    endloop
  endfacet
  facet normal 0 1 0
    outer loop
      vertex -75.9866 17.5 2.99989
      vertex -81 17.5 0
      vertex -76.3498 17.5 3.60594
    endloop
  endfacet
  facet normal 0 1 0
    outer loop
      vertex -75.5657 17.5 2.43237
      vertex -81 17.5 0
      vertex -75.9866 17.5 2.99989
    endloop
  endfacet
  facet normal 0 1 0
    outer loop
      vertex -75.0912 17.5 1.90883
      vertex -81 17.5 0
      vertex -75.5657 17.5 2.43237
    endloop
  endfacet
  facet normal 0 1 0
    outer loop
      vertex -74.5676 17.5 1.43432
      vertex -81 17.5 0
      vertex -75.0912 17.5 1.90883
    endloop
  endfacet
  facet normal 0 1 0
    outer loop
      vertex -74.0001 17.5 1.01342
      vertex -81 17.5 0
      vertex -74.5676 17.5 1.43432
    endloop
  endfacet
  facet normal 0 1 0
    outer loop
      vertex -73.3941 17.5 0.650167
      vertex -81 17.5 0
      vertex -74.0001 17.5 1.01342
    endloop
  endfacet
  facet normal 0 1 0
    outer loop
      vertex -72.7553 17.5 0.348067
      vertex -81 17.5 0
      vertex -73.3941 17.5 0.650167
    endloop
  endfacet
  facet normal 0 1 0
    outer loop
      vertex -72.09 17.5 0.110029
      vertex -81 17.5 0
      vertex -72.7553 17.5 0.348067
    endloop
  endfacet
  facet normal 0 1 0
    outer loop
      vertex -81 17.5 0
      vertex -72.09 17.5 0.110029
      vertex -71.6508 17.5 0
    endloop
  endfacet
  facet normal 0 1 -0
    outer loop
      vertex 106 17.5 -8
      vertex 81 17.5 0
      vertex 106 17.5 0
    endloop
  endfacet
  facet normal 0 1 0
    outer loop
      vertex 81 17.5 0
      vertex 106 17.5 -8
      vertex 71.6508 17.5 0
    endloop
  endfacet
  facet normal 0 1 0
    outer loop
      vertex 71.6508 17.5 0
      vertex 106 17.5 -8
      vertex 68.3492 17.5 0
    endloop
  endfacet
  facet normal 0 1 0
    outer loop
      vertex 68.3492 17.5 0
      vertex 106 17.5 -8
      vertex 59 17.5 0
    endloop
  endfacet
  facet normal 0 1 0
    outer loop
      vertex 5 17.5 -8
      vertex 59 17.5 0
      vertex 106 17.5 -8
    endloop
  endfacet
  facet normal 0 1 0
    outer loop
      vertex 59 17.5 0
      vertex 5 17.5 -8
      vertex 5 17.5 0
    endloop
  endfacet
  facet normal 0 1 -0
    outer loop
      vertex 74.0001 17.5 12.9866
      vertex 71.5 17.5 18
      vertex 81 17.5 18
    endloop
  endfacet
  facet normal 0 1 0
    outer loop
      vertex 71.5 17.5 18
      vertex 72.09 17.5 13.89
      vertex 71.5 17.5 14.0378
    endloop
  endfacet
  facet normal 0 1 0
    outer loop
      vertex 71.5 17.5 18
      vertex 72.7553 17.5 13.6519
      vertex 72.09 17.5 13.89
    endloop
  endfacet
  facet normal 0 1 0
    outer loop
      vertex 71.5 17.5 18
      vertex 73.3941 17.5 13.3498
      vertex 72.7553 17.5 13.6519
    endloop
  endfacet
  facet normal 0 1 0
    outer loop
      vertex 71.5 17.5 18
      vertex 74.0001 17.5 12.9866
      vertex 73.3941 17.5 13.3498
    endloop
  endfacet
  facet normal 0 1 0
    outer loop
      vertex 81 17.5 18
      vertex 74.5676 17.5 12.5657
      vertex 74.0001 17.5 12.9866
    endloop
  endfacet
  facet normal 0 1 0
    outer loop
      vertex 81 17.5 18
      vertex 75.0912 17.5 12.0912
      vertex 74.5676 17.5 12.5657
    endloop
  endfacet
  facet normal 0 1 0
    outer loop
      vertex 81 17.5 18
      vertex 75.5657 17.5 11.5676
      vertex 75.0912 17.5 12.0912
    endloop
  endfacet
  facet normal 0 1 0
    outer loop
      vertex 81 17.5 18
      vertex 75.9866 17.5 11.0001
      vertex 75.5657 17.5 11.5676
    endloop
  endfacet
  facet normal 0 1 0
    outer loop
      vertex 81 17.5 18
      vertex 76.3498 17.5 10.3941
      vertex 75.9866 17.5 11.0001
    endloop
  endfacet
  facet normal 0 1 0
    outer loop
      vertex 81 17.5 18
      vertex 76.6519 17.5 9.75532
      vertex 76.3498 17.5 10.3941
    endloop
  endfacet
  facet normal 0 1 0
    outer loop
      vertex 81 17.5 18
      vertex 76.89 17.5 9.09005
      vertex 76.6519 17.5 9.75532
    endloop
  endfacet
  facet normal 0 1 0
    outer loop
      vertex 81 17.5 18
      vertex 77.0617 17.5 8.40465
      vertex 76.89 17.5 9.09005
    endloop
  endfacet
  facet normal 0 1 0
    outer loop
      vertex 81 17.5 18
      vertex 77.1653 17.5 7.70572
      vertex 77.0617 17.5 8.40465
    endloop
  endfacet
  facet normal 0 1 -0
    outer loop
      vertex 81 17.5 0
      vertex 77.1653 17.5 7.70572
      vertex 81 17.5 18
    endloop
  endfacet
  facet normal 0 1 0
    outer loop
      vertex 77.1653 17.5 7.70572
      vertex 81 17.5 0
      vertex 77.2 17.5 7
    endloop
  endfacet
  facet normal 0 1 0
    outer loop
      vertex 77.2 17.5 7
      vertex 81 17.5 0
      vertex 77.1653 17.5 6.29428
    endloop
  endfacet
  facet normal 0 1 0
    outer loop
      vertex 77.1653 17.5 6.29428
      vertex 81 17.5 0
      vertex 77.0617 17.5 5.59535
    endloop
  endfacet
  facet normal 0 1 0
    outer loop
      vertex 77.0617 17.5 5.59535
      vertex 81 17.5 0
      vertex 76.89 17.5 4.90995
    endloop
  endfacet
  facet normal 0 1 0
    outer loop
      vertex 81 17.5 0
      vertex 76.6519 17.5 4.24468
      vertex 76.89 17.5 4.90995
    endloop
  endfacet
  facet normal 0 1 0
    outer loop
      vertex 81 17.5 0
      vertex 76.3498 17.5 3.60594
      vertex 76.6519 17.5 4.24468
    endloop
  endfacet
  facet normal 0 1 0
    outer loop
      vertex 81 17.5 0
      vertex 75.9866 17.5 2.99989
      vertex 76.3498 17.5 3.60594
    endloop
  endfacet
  facet normal 0 1 0
    outer loop
      vertex 81 17.5 0
      vertex 75.5657 17.5 2.43237
      vertex 75.9866 17.5 2.99989
    endloop
  endfacet
  facet normal 0 1 0
    outer loop
      vertex 81 17.5 0
      vertex 75.0912 17.5 1.90883
      vertex 75.5657 17.5 2.43237
    endloop
  endfacet
  facet normal 0 1 0
    outer loop
      vertex 81 17.5 0
      vertex 74.5676 17.5 1.43432
      vertex 75.0912 17.5 1.90883
    endloop
  endfacet
  facet normal 0 1 0
    outer loop
      vertex 81 17.5 0
      vertex 74.0001 17.5 1.01342
      vertex 74.5676 17.5 1.43432
    endloop
  endfacet
  facet normal 0 1 0
    outer loop
      vertex 81 17.5 0
      vertex 73.3941 17.5 0.650167
      vertex 74.0001 17.5 1.01342
    endloop
  endfacet
  facet normal 0 1 0
    outer loop
      vertex 81 17.5 0
      vertex 72.7553 17.5 0.348067
      vertex 73.3941 17.5 0.650167
    endloop
  endfacet
  facet normal 0 1 0
    outer loop
      vertex 81 17.5 0
      vertex 72.09 17.5 0.110029
      vertex 72.7553 17.5 0.348067
    endloop
  endfacet
  facet normal 0 1 0
    outer loop
      vertex 72.09 17.5 0.110029
      vertex 81 17.5 0
      vertex 71.6508 17.5 0
    endloop
  endfacet
  facet normal 0 1 0
    outer loop
      vertex 67.91 17.5 13.89
      vertex 68.5 17.5 18
      vertex 68.5 17.5 14.0378
    endloop
  endfacet
  facet normal 0 1 0
    outer loop
      vertex 67.2447 17.5 13.6519
      vertex 68.5 17.5 18
      vertex 67.91 17.5 13.89
    endloop
  endfacet
  facet normal 0 1 0
    outer loop
      vertex 66.6059 17.5 13.3498
      vertex 68.5 17.5 18
      vertex 67.2447 17.5 13.6519
    endloop
  endfacet
  facet normal 0 1 0
    outer loop
      vertex 65.9999 17.5 12.9866
      vertex 68.5 17.5 18
      vertex 66.6059 17.5 13.3498
    endloop
  endfacet
  facet normal 0 1 0
    outer loop
      vertex 68.5 17.5 18
      vertex 65.9999 17.5 12.9866
      vertex 59 17.5 18
    endloop
  endfacet
  facet normal 0 1 -0
    outer loop
      vertex 65.4324 17.5 12.5657
      vertex 59 17.5 18
      vertex 65.9999 17.5 12.9866
    endloop
  endfacet
  facet normal 0 1 -0
    outer loop
      vertex 64.9088 17.5 12.0912
      vertex 59 17.5 18
      vertex 65.4324 17.5 12.5657
    endloop
  endfacet
  facet normal 0 1 -0
    outer loop
      vertex 64.4343 17.5 11.5676
      vertex 59 17.5 18
      vertex 64.9088 17.5 12.0912
    endloop
  endfacet
  facet normal 0 1 -0
    outer loop
      vertex 64.0134 17.5 11.0001
      vertex 59 17.5 18
      vertex 64.4343 17.5 11.5676
    endloop
  endfacet
  facet normal 0 1 -0
    outer loop
      vertex 63.6502 17.5 10.3941
      vertex 59 17.5 18
      vertex 64.0134 17.5 11.0001
    endloop
  endfacet
  facet normal 0 1 -0
    outer loop
      vertex 63.3481 17.5 9.75532
      vertex 59 17.5 18
      vertex 63.6502 17.5 10.3941
    endloop
  endfacet
  facet normal 0 1 -0
    outer loop
      vertex 63.11 17.5 9.09005
      vertex 59 17.5 18
      vertex 63.3481 17.5 9.75532
    endloop
  endfacet
  facet normal 0 1 -0
    outer loop
      vertex 62.9383 17.5 8.40465
      vertex 59 17.5 18
      vertex 63.11 17.5 9.09005
    endloop
  endfacet
  facet normal 0 1 -0
    outer loop
      vertex 62.8347 17.5 7.70572
      vertex 59 17.5 18
      vertex 62.9383 17.5 8.40465
    endloop
  endfacet
  facet normal 0 1 0
    outer loop
      vertex 59 17.5 0
      vertex 62.8347 17.5 7.70572
      vertex 62.8 17.5 7
    endloop
  endfacet
  facet normal 0 1 0
    outer loop
      vertex 59 17.5 0
      vertex 62.8 17.5 7
      vertex 62.8347 17.5 6.29428
    endloop
  endfacet
  facet normal 0 1 0
    outer loop
      vertex 59 17.5 0
      vertex 62.8347 17.5 6.29428
      vertex 62.9383 17.5 5.59535
    endloop
  endfacet
  facet normal 0 1 0
    outer loop
      vertex 59 17.5 0
      vertex 62.9383 17.5 5.59535
      vertex 63.11 17.5 4.90995
    endloop
  endfacet
  facet normal 0 1 0
    outer loop
      vertex 62.8347 17.5 7.70572
      vertex 59 17.5 0
      vertex 59 17.5 18
    endloop
  endfacet
  facet normal 0 1 0
    outer loop
      vertex 63.3481 17.5 4.24468
      vertex 59 17.5 0
      vertex 63.11 17.5 4.90995
    endloop
  endfacet
  facet normal 0 1 0
    outer loop
      vertex 63.6502 17.5 3.60594
      vertex 59 17.5 0
      vertex 63.3481 17.5 4.24468
    endloop
  endfacet
  facet normal 0 1 0
    outer loop
      vertex 64.0134 17.5 2.99989
      vertex 59 17.5 0
      vertex 63.6502 17.5 3.60594
    endloop
  endfacet
  facet normal 0 1 0
    outer loop
      vertex 64.4343 17.5 2.43237
      vertex 59 17.5 0
      vertex 64.0134 17.5 2.99989
    endloop
  endfacet
  facet normal 0 1 0
    outer loop
      vertex 64.9088 17.5 1.90883
      vertex 59 17.5 0
      vertex 64.4343 17.5 2.43237
    endloop
  endfacet
  facet normal 0 1 0
    outer loop
      vertex 65.4324 17.5 1.43432
      vertex 59 17.5 0
      vertex 64.9088 17.5 1.90883
    endloop
  endfacet
  facet normal 0 1 0
    outer loop
      vertex 65.9999 17.5 1.01342
      vertex 59 17.5 0
      vertex 65.4324 17.5 1.43432
    endloop
  endfacet
  facet normal 0 1 0
    outer loop
      vertex 66.6059 17.5 0.650167
      vertex 59 17.5 0
      vertex 65.9999 17.5 1.01342
    endloop
  endfacet
  facet normal 0 1 0
    outer loop
      vertex 67.2447 17.5 0.348067
      vertex 59 17.5 0
      vertex 66.6059 17.5 0.650167
    endloop
  endfacet
  facet normal 0 1 0
    outer loop
      vertex 67.91 17.5 0.110029
      vertex 59 17.5 0
      vertex 67.2447 17.5 0.348067
    endloop
  endfacet
  facet normal 0 1 0
    outer loop
      vertex 59 17.5 0
      vertex 67.91 17.5 0.110029
      vertex 68.3492 17.5 0
    endloop
  endfacet
  facet normal 1 -0 0
    outer loop
      vertex -5 11.5 0
      vertex -5 17.5 -8
      vertex -5 17.5 0
    endloop
  endfacet
  facet normal 1 0 0
    outer loop
      vertex -5 17.5 -8
      vertex -5 11.5 0
      vertex -5 11.5 -8
    endloop
  endfacet
  facet normal -1 0 0
    outer loop
      vertex 5 11.5 -8
      vertex 5 17.5 0
      vertex 5 17.5 -8
    endloop
  endfacet
  facet normal -1 -0 0
    outer loop
      vertex 5 17.5 0
      vertex 5 11.5 -8
      vertex 5 11.5 0
    endloop
  endfacet
  facet normal 0 1 -0
    outer loop
      vertex 5 11.5 -8
      vertex -5 11.5 0
      vertex 5 11.5 0
    endloop
  endfacet
  facet normal 0 1 0
    outer loop
      vertex -5 11.5 0
      vertex 5 11.5 -8
      vertex -5 11.5 -8
    endloop
  endfacet
  facet normal -1 0 0
    outer loop
      vertex -81 -14.5 0
      vertex -81 17.5 18
      vertex -81 17.5 0
    endloop
  endfacet
  facet normal -1 -0 0
    outer loop
      vertex -81 17.5 18
      vertex -81 -14.5 0
      vertex -81 -14.5 18
    endloop
  endfacet
  facet normal -0 0 1
    outer loop
      vertex -68.5 17.5 18
      vertex -59 -14.5 18
      vertex -59 17.5 18
    endloop
  endfacet
  facet normal 0 0 1
    outer loop
      vertex -59 -14.5 18
      vertex -68.5 17.5 18
      vertex -68.5 -14.5 18
    endloop
  endfacet
  facet normal -0 0 1
    outer loop
      vertex -81 17.5 18
      vertex -71.5 -14.5 18
      vertex -71.5 17.5 18
    endloop
  endfacet
  facet normal 0 0 1
    outer loop
      vertex -71.5 -14.5 18
      vertex -81 17.5 18
      vertex -81 -14.5 18
    endloop
  endfacet
  facet normal 1 -0 0
    outer loop
      vertex -59 -14.5 18
      vertex -59 17.5 0
      vertex -59 17.5 18
    endloop
  endfacet
  facet normal 1 0 0
    outer loop
      vertex -59 17.5 0
      vertex -59 -14.5 18
      vertex -59 -14.5 0
    endloop
  endfacet
  facet normal -0.998793 0 -0.0491103
    outer loop
      vertex -62.8 -14.5 7
      vertex -62.8347 17.5 7.70572
      vertex -62.8 17.5 7
    endloop
  endfacet
  facet normal -0.998793 -0 -0.0491103
    outer loop
      vertex -62.8347 17.5 7.70572
      vertex -62.8 -14.5 7
      vertex -62.8347 -14.5 7.70572
    endloop
  endfacet
  facet normal -0.989192 0 -0.146625
    outer loop
      vertex -62.8347 -14.5 7.70572
      vertex -62.9383 17.5 8.40465
      vertex -62.8347 17.5 7.70572
    endloop
  endfacet
  facet normal -0.989192 -0 -0.146625
    outer loop
      vertex -62.9383 17.5 8.40465
      vertex -62.8347 -14.5 7.70572
      vertex -62.9383 -14.5 8.40465
    endloop
  endfacet
  facet normal -0.67151 0 -0.740996
    outer loop
      vertex -65.4324 -14.5 12.5657
      vertex -64.9088 17.5 12.0912
      vertex -64.9088 -14.5 12.0912
    endloop
  endfacet
  facet normal -0.67151 0 -0.740996
    outer loop
      vertex -64.9088 17.5 12.0912
      vertex -65.4324 -14.5 12.5657
      vertex -65.4324 17.5 12.5657
    endloop
  endfacet
  facet normal 0.740996 0 -0.67151
    outer loop
      vertex -75.0912 -14.5 12.0912
      vertex -75.5657 17.5 11.5676
      vertex -75.0912 17.5 12.0912
    endloop
  endfacet
  facet normal 0.740996 0 -0.67151
    outer loop
      vertex -75.5657 17.5 11.5676
      vertex -75.0912 -14.5 12.0912
      vertex -75.5657 -14.5 11.5676
    endloop
  endfacet
  facet normal 0.427521 0 -0.904006
    outer loop
      vertex -73.3941 -14.5 13.3498
      vertex -72.7553 17.5 13.6519
      vertex -72.7553 -14.5 13.6519
    endloop
  endfacet
  facet normal 0.427521 0 -0.904006
    outer loop
      vertex -72.7553 17.5 13.6519
      vertex -73.3941 -14.5 13.3498
      vertex -73.3941 17.5 13.3498
    endloop
  endfacet
  facet normal -0.904 0 -0.427531
    outer loop
      vertex -63.3481 -14.5 9.75532
      vertex -63.6502 17.5 10.3941
      vertex -63.3481 17.5 9.75532
    endloop
  endfacet
  facet normal -0.904 -0 -0.427531
    outer loop
      vertex -63.6502 17.5 10.3941
      vertex -63.3481 -14.5 9.75532
      vertex -63.6502 -14.5 10.3941
    endloop
  endfacet
  facet normal -0.336955 0 -0.941521
    outer loop
      vertex -67.91 -14.5 13.89
      vertex -67.2447 17.5 13.6519
      vertex -67.2447 -14.5 13.6519
    endloop
  endfacet
  facet normal -0.336955 0 -0.941521
    outer loop
      vertex -67.2447 17.5 13.6519
      vertex -67.91 -14.5 13.89
      vertex -67.91 17.5 13.89
    endloop
  endfacet
  facet normal 0.857743 0 -0.514079
    outer loop
      vertex -75.9866 -14.5 11.0001
      vertex -76.3498 17.5 10.3941
      vertex -75.9866 17.5 11.0001
    endloop
  endfacet
  facet normal 0.857743 0 -0.514079
    outer loop
      vertex -76.3498 17.5 10.3941
      vertex -75.9866 -14.5 11.0001
      vertex -76.3498 -14.5 10.3941
    endloop
  endfacet
  facet normal 0.243 0 -0.970026
    outer loop
      vertex -72.09 -14.5 13.89
      vertex -71.5 17.5 14.0378
      vertex -71.5 -14.5 14.0378
    endloop
  endfacet
  facet normal 0.243 0 -0.970026
    outer loop
      vertex -71.5 17.5 14.0378
      vertex -72.09 -14.5 13.89
      vertex -72.09 17.5 13.89
    endloop
  endfacet
  facet normal -0.740957 0 0.671552
    outer loop
      vertex -64.9088 -14.5 1.90883
      vertex -64.4343 17.5 2.43237
      vertex -64.9088 17.5 1.90883
    endloop
  endfacet
  facet normal -0.740957 0 0.671552
    outer loop
      vertex -64.4343 17.5 2.43237
      vertex -64.9088 -14.5 1.90883
      vertex -64.4343 -14.5 2.43237
    endloop
  endfacet
  facet normal -0.970026 0 0.243002
    outer loop
      vertex -63.11 -14.5 4.90995
      vertex -62.9383 17.5 5.59535
      vertex -63.11 17.5 4.90995
    endloop
  endfacet
  facet normal -0.970026 0 0.243002
    outer loop
      vertex -62.9383 17.5 5.59535
      vertex -63.11 -14.5 4.90995
      vertex -62.9383 -14.5 5.59535
    endloop
  endfacet
  facet normal 0.671517 0 0.740989
    outer loop
      vertex -75.0912 17.5 1.90883
      vertex -74.5676 -14.5 1.43432
      vertex -74.5676 17.5 1.43432
    endloop
  endfacet
  facet normal 0.671517 0 0.740989
    outer loop
      vertex -74.5676 -14.5 1.43432
      vertex -75.0912 17.5 1.90883
      vertex -75.0912 -14.5 1.90883
    endloop
  endfacet
  facet normal 0.740957 -0 0.671552
    outer loop
      vertex -75.5657 -14.5 2.43237
      vertex -75.0912 17.5 1.90883
      vertex -75.5657 17.5 2.43237
    endloop
  endfacet
  facet normal 0.740957 0 0.671552
    outer loop
      vertex -75.0912 17.5 1.90883
      vertex -75.5657 -14.5 2.43237
      vertex -75.0912 -14.5 1.90883
    endloop
  endfacet
  facet normal -0.970026 0 -0.243002
    outer loop
      vertex -62.9383 -14.5 8.40465
      vertex -63.11 17.5 9.09005
      vertex -62.9383 17.5 8.40465
    endloop
  endfacet
  facet normal -0.970026 -0 -0.243002
    outer loop
      vertex -63.11 17.5 9.09005
      vertex -62.9383 -14.5 8.40465
      vertex -63.11 -14.5 9.09005
    endloop
  endfacet
  facet normal -0.941516 0 -0.336968
    outer loop
      vertex -63.11 -14.5 9.09005
      vertex -63.3481 17.5 9.75532
      vertex -63.11 17.5 9.09005
    endloop
  endfacet
  facet normal -0.941516 -0 -0.336968
    outer loop
      vertex -63.3481 17.5 9.75532
      vertex -63.11 -14.5 9.09005
      vertex -63.3481 -14.5 9.75532
    endloop
  endfacet
  facet normal 0.989192 0 -0.146625
    outer loop
      vertex -77.0617 -14.5 8.40465
      vertex -77.1653 17.5 7.70572
      vertex -77.0617 17.5 8.40465
    endloop
  endfacet
  facet normal 0.989192 0 -0.146625
    outer loop
      vertex -77.1653 17.5 7.70572
      vertex -77.0617 -14.5 8.40465
      vertex -77.1653 -14.5 7.70572
    endloop
  endfacet
  facet normal 0.941516 0 -0.336968
    outer loop
      vertex -76.6519 -14.5 9.75532
      vertex -76.89 17.5 9.09005
      vertex -76.6519 17.5 9.75532
    endloop
  endfacet
  facet normal 0.941516 0 -0.336968
    outer loop
      vertex -76.89 17.5 9.09005
      vertex -76.6519 -14.5 9.75532
      vertex -76.89 -14.5 9.09005
    endloop
  endfacet
  facet normal 0.904 0 -0.427531
    outer loop
      vertex -76.3498 -14.5 10.3941
      vertex -76.6519 17.5 9.75532
      vertex -76.3498 17.5 10.3941
    endloop
  endfacet
  facet normal 0.904 0 -0.427531
    outer loop
      vertex -76.6519 17.5 9.75532
      vertex -76.3498 -14.5 10.3941
      vertex -76.6519 -14.5 9.75532
    endloop
  endfacet
  facet normal 0.595711 0 -0.803199
    outer loop
      vertex -74.5676 -14.5 12.5657
      vertex -74.0001 17.5 12.9866
      vertex -74.0001 -14.5 12.9866
    endloop
  endfacet
  facet normal 0.595711 0 -0.803199
    outer loop
      vertex -74.0001 17.5 12.9866
      vertex -74.5676 -14.5 12.5657
      vertex -74.5676 17.5 12.5657
    endloop
  endfacet
  facet normal -0.336877 0 0.941549
    outer loop
      vertex -67.91 17.5 0.110029
      vertex -67.2447 -14.5 0.348067
      vertex -67.2447 17.5 0.348067
    endloop
  endfacet
  facet normal -0.336877 0 0.941549
    outer loop
      vertex -67.2447 -14.5 0.348067
      vertex -67.91 17.5 0.110029
      vertex -67.91 -14.5 0.110029
    endloop
  endfacet
  facet normal -0.803209 0 0.595698
    outer loop
      vertex -64.4343 -14.5 2.43237
      vertex -64.0134 17.5 2.99989
      vertex -64.4343 17.5 2.43237
    endloop
  endfacet
  facet normal -0.803209 0 0.595698
    outer loop
      vertex -64.0134 17.5 2.99989
      vertex -64.4343 -14.5 2.43237
      vertex -64.0134 -14.5 2.99989
    endloop
  endfacet
  facet normal -0.857761 0 0.514048
    outer loop
      vertex -64.0134 -14.5 2.99989
      vertex -63.6502 17.5 3.60594
      vertex -64.0134 17.5 2.99989
    endloop
  endfacet
  facet normal -0.857761 0 0.514048
    outer loop
      vertex -63.6502 17.5 3.60594
      vertex -64.0134 -14.5 2.99989
      vertex -63.6502 -14.5 3.60594
    endloop
  endfacet
  facet normal -0.90399 0 0.427553
    outer loop
      vertex -63.6502 -14.5 3.60594
      vertex -63.3481 17.5 4.24468
      vertex -63.6502 17.5 3.60594
    endloop
  endfacet
  facet normal -0.90399 0 0.427553
    outer loop
      vertex -63.3481 17.5 4.24468
      vertex -63.6502 -14.5 3.60594
      vertex -63.3481 -14.5 4.24468
    endloop
  endfacet
  facet normal 0.514135 0 0.85771
    outer loop
      vertex -74.0001 17.5 1.01342
      vertex -73.3941 -14.5 0.650167
      vertex -73.3941 17.5 0.650167
    endloop
  endfacet
  facet normal 0.514135 0 0.85771
    outer loop
      vertex -73.3941 -14.5 0.650167
      vertex -74.0001 17.5 1.01342
      vertex -74.0001 -14.5 1.01342
    endloop
  endfacet
  facet normal 0.243012 0 0.970023
    outer loop
      vertex -72.09 17.5 0.110029
      vertex -71.6508 -14.5 0
      vertex -71.6508 17.5 0
    endloop
  endfacet
  facet normal 0.243012 0 0.970023
    outer loop
      vertex -71.6508 -14.5 0
      vertex -72.09 17.5 0.110029
      vertex -72.09 -14.5 0.110029
    endloop
  endfacet
  facet normal 0.857761 -0 0.514048
    outer loop
      vertex -76.3498 -14.5 3.60594
      vertex -75.9866 17.5 2.99989
      vertex -76.3498 17.5 3.60594
    endloop
  endfacet
  facet normal 0.857761 0 0.514048
    outer loop
      vertex -75.9866 17.5 2.99989
      vertex -76.3498 -14.5 3.60594
      vertex -75.9866 -14.5 2.99989
    endloop
  endfacet
  facet normal 0.989192 -0 0.146625
    outer loop
      vertex -77.1653 -14.5 6.29428
      vertex -77.0617 17.5 5.59535
      vertex -77.1653 17.5 6.29428
    endloop
  endfacet
  facet normal 0.989192 0 0.146625
    outer loop
      vertex -77.0617 17.5 5.59535
      vertex -77.1653 -14.5 6.29428
      vertex -77.0617 -14.5 5.59535
    endloop
  endfacet
  facet normal -0.740996 0 -0.67151
    outer loop
      vertex -64.4343 -14.5 11.5676
      vertex -64.9088 17.5 12.0912
      vertex -64.4343 17.5 11.5676
    endloop
  endfacet
  facet normal -0.740996 -0 -0.67151
    outer loop
      vertex -64.9088 17.5 12.0912
      vertex -64.4343 -14.5 11.5676
      vertex -64.9088 -14.5 12.0912
    endloop
  endfacet
  facet normal -0.857743 0 -0.514079
    outer loop
      vertex -63.6502 -14.5 10.3941
      vertex -64.0134 17.5 11.0001
      vertex -63.6502 17.5 10.3941
    endloop
  endfacet
  facet normal -0.857743 -0 -0.514079
    outer loop
      vertex -64.0134 17.5 11.0001
      vertex -63.6502 -14.5 10.3941
      vertex -64.0134 -14.5 11.0001
    endloop
  endfacet
  facet normal -0.803199 0 -0.595711
    outer loop
      vertex -64.0134 -14.5 11.0001
      vertex -64.4343 17.5 11.5676
      vertex -64.0134 17.5 11.0001
    endloop
  endfacet
  facet normal -0.803199 -0 -0.595711
    outer loop
      vertex -64.4343 17.5 11.5676
      vertex -64.0134 -14.5 11.0001
      vertex -64.4343 -14.5 11.5676
    endloop
  endfacet
  facet normal -0.243 0 -0.970026
    outer loop
      vertex -68.5 -14.5 14.0378
      vertex -67.91 17.5 13.89
      vertex -67.91 -14.5 13.89
    endloop
  endfacet
  facet normal -0.243 0 -0.970026
    outer loop
      vertex -67.91 17.5 13.89
      vertex -68.5 -14.5 14.0378
      vertex -68.5 17.5 14.0378
    endloop
  endfacet
  facet normal -0.427521 0 -0.904006
    outer loop
      vertex -67.2447 -14.5 13.6519
      vertex -66.6059 17.5 13.3498
      vertex -66.6059 -14.5 13.3498
    endloop
  endfacet
  facet normal -0.427521 0 -0.904006
    outer loop
      vertex -66.6059 17.5 13.3498
      vertex -67.2447 -14.5 13.6519
      vertex -67.2447 17.5 13.6519
    endloop
  endfacet
  facet normal -0.595711 0 -0.803199
    outer loop
      vertex -65.9999 -14.5 12.9866
      vertex -65.4324 17.5 12.5657
      vertex -65.4324 -14.5 12.5657
    endloop
  endfacet
  facet normal -0.595711 0 -0.803199
    outer loop
      vertex -65.4324 17.5 12.5657
      vertex -65.9999 -14.5 12.9866
      vertex -65.9999 17.5 12.9866
    endloop
  endfacet
  facet normal -0.514079 0 -0.857743
    outer loop
      vertex -66.6059 -14.5 13.3498
      vertex -65.9999 17.5 12.9866
      vertex -65.9999 -14.5 12.9866
    endloop
  endfacet
  facet normal -0.514079 0 -0.857743
    outer loop
      vertex -65.9999 17.5 12.9866
      vertex -66.6059 -14.5 13.3498
      vertex -66.6059 17.5 13.3498
    endloop
  endfacet
  facet normal 0.803199 0 -0.595711
    outer loop
      vertex -75.5657 -14.5 11.5676
      vertex -75.9866 17.5 11.0001
      vertex -75.5657 17.5 11.5676
    endloop
  endfacet
  facet normal 0.803199 0 -0.595711
    outer loop
      vertex -75.9866 17.5 11.0001
      vertex -75.5657 -14.5 11.5676
      vertex -75.9866 -14.5 11.0001
    endloop
  endfacet
  facet normal 0.970026 0 -0.243002
    outer loop
      vertex -76.89 -14.5 9.09005
      vertex -77.0617 17.5 8.40465
      vertex -76.89 17.5 9.09005
    endloop
  endfacet
  facet normal 0.970026 0 -0.243002
    outer loop
      vertex -77.0617 17.5 8.40465
      vertex -76.89 -14.5 9.09005
      vertex -77.0617 -14.5 8.40465
    endloop
  endfacet
  facet normal 0.998793 0 -0.0491103
    outer loop
      vertex -77.1653 -14.5 7.70572
      vertex -77.2 17.5 7
      vertex -77.1653 17.5 7.70572
    endloop
  endfacet
  facet normal 0.998793 0 -0.0491103
    outer loop
      vertex -77.2 17.5 7
      vertex -77.1653 -14.5 7.70572
      vertex -77.2 -14.5 7
    endloop
  endfacet
  facet normal 0.998793 -0 0.0491103
    outer loop
      vertex -77.2 -14.5 7
      vertex -77.1653 17.5 6.29428
      vertex -77.2 17.5 7
    endloop
  endfacet
  facet normal 0.998793 0 0.0491103
    outer loop
      vertex -77.1653 17.5 6.29428
      vertex -77.2 -14.5 7
      vertex -77.1653 -14.5 6.29428
    endloop
  endfacet
  facet normal 0.67151 0 -0.740996
    outer loop
      vertex -75.0912 -14.5 12.0912
      vertex -74.5676 17.5 12.5657
      vertex -74.5676 -14.5 12.5657
    endloop
  endfacet
  facet normal 0.67151 0 -0.740996
    outer loop
      vertex -74.5676 17.5 12.5657
      vertex -75.0912 -14.5 12.0912
      vertex -75.0912 17.5 12.0912
    endloop
  endfacet
  facet normal 0.514079 0 -0.857743
    outer loop
      vertex -74.0001 -14.5 12.9866
      vertex -73.3941 17.5 13.3498
      vertex -73.3941 -14.5 13.3498
    endloop
  endfacet
  facet normal 0.514079 0 -0.857743
    outer loop
      vertex -73.3941 17.5 13.3498
      vertex -74.0001 -14.5 12.9866
      vertex -74.0001 17.5 12.9866
    endloop
  endfacet
  facet normal 0.336955 0 -0.941521
    outer loop
      vertex -72.7553 -14.5 13.6519
      vertex -72.09 17.5 13.89
      vertex -72.09 -14.5 13.89
    endloop
  endfacet
  facet normal 0.336955 0 -0.941521
    outer loop
      vertex -72.09 17.5 13.89
      vertex -72.7553 -14.5 13.6519
      vertex -72.7553 17.5 13.6519
    endloop
  endfacet
  facet normal -0.243012 0 0.970023
    outer loop
      vertex -68.3492 17.5 0
      vertex -67.91 -14.5 0.110029
      vertex -67.91 17.5 0.110029
    endloop
  endfacet
  facet normal -0.243012 0 0.970023
    outer loop
      vertex -67.91 -14.5 0.110029
      vertex -68.3492 17.5 0
      vertex -68.3492 -14.5 0
    endloop
  endfacet
  facet normal -0.427521 0 0.904006
    outer loop
      vertex -67.2447 17.5 0.348067
      vertex -66.6059 -14.5 0.650167
      vertex -66.6059 17.5 0.650167
    endloop
  endfacet
  facet normal -0.427521 0 0.904006
    outer loop
      vertex -66.6059 -14.5 0.650167
      vertex -67.2447 17.5 0.348067
      vertex -67.2447 -14.5 0.348067
    endloop
  endfacet
  facet normal -0.671517 0 0.740989
    outer loop
      vertex -65.4324 17.5 1.43432
      vertex -64.9088 -14.5 1.90883
      vertex -64.9088 17.5 1.90883
    endloop
  endfacet
  facet normal -0.671517 0 0.740989
    outer loop
      vertex -64.9088 -14.5 1.90883
      vertex -65.4324 17.5 1.43432
      vertex -65.4324 -14.5 1.43432
    endloop
  endfacet
  facet normal -0.514135 0 0.85771
    outer loop
      vertex -66.6059 17.5 0.650167
      vertex -65.9999 -14.5 1.01342
      vertex -65.9999 17.5 1.01342
    endloop
  endfacet
  facet normal -0.514135 0 0.85771
    outer loop
      vertex -65.9999 -14.5 1.01342
      vertex -66.6059 17.5 0.650167
      vertex -66.6059 -14.5 0.650167
    endloop
  endfacet
  facet normal -0.595711 0 0.803199
    outer loop
      vertex -65.9999 17.5 1.01342
      vertex -65.4324 -14.5 1.43432
      vertex -65.4324 17.5 1.43432
    endloop
  endfacet
  facet normal -0.595711 0 0.803199
    outer loop
      vertex -65.4324 -14.5 1.43432
      vertex -65.9999 17.5 1.01342
      vertex -65.9999 -14.5 1.01342
    endloop
  endfacet
  facet normal -0.941516 0 0.336968
    outer loop
      vertex -63.3481 -14.5 4.24468
      vertex -63.11 17.5 4.90995
      vertex -63.3481 17.5 4.24468
    endloop
  endfacet
  facet normal -0.941516 0 0.336968
    outer loop
      vertex -63.11 17.5 4.90995
      vertex -63.3481 -14.5 4.24468
      vertex -63.11 -14.5 4.90995
    endloop
  endfacet
  facet normal -0.989192 0 0.146625
    outer loop
      vertex -62.9383 -14.5 5.59535
      vertex -62.8347 17.5 6.29428
      vertex -62.9383 17.5 5.59535
    endloop
  endfacet
  facet normal -0.989192 0 0.146625
    outer loop
      vertex -62.8347 17.5 6.29428
      vertex -62.9383 -14.5 5.59535
      vertex -62.8347 -14.5 6.29428
    endloop
  endfacet
  facet normal -0.998793 0 0.0491103
    outer loop
      vertex -62.8347 -14.5 6.29428
      vertex -62.8 17.5 7
      vertex -62.8347 17.5 6.29428
    endloop
  endfacet
  facet normal -0.998793 0 0.0491103
    outer loop
      vertex -62.8 17.5 7
      vertex -62.8347 -14.5 6.29428
      vertex -62.8 -14.5 7
    endloop
  endfacet
  facet normal 0.595711 0 0.803199
    outer loop
      vertex -74.5676 17.5 1.43432
      vertex -74.0001 -14.5 1.01342
      vertex -74.0001 17.5 1.01342
    endloop
  endfacet
  facet normal 0.595711 0 0.803199
    outer loop
      vertex -74.0001 -14.5 1.01342
      vertex -74.5676 17.5 1.43432
      vertex -74.5676 -14.5 1.43432
    endloop
  endfacet
  facet normal 0.427521 0 0.904006
    outer loop
      vertex -73.3941 17.5 0.650167
      vertex -72.7553 -14.5 0.348067
      vertex -72.7553 17.5 0.348067
    endloop
  endfacet
  facet normal 0.427521 0 0.904006
    outer loop
      vertex -72.7553 -14.5 0.348067
      vertex -73.3941 17.5 0.650167
      vertex -73.3941 -14.5 0.650167
    endloop
  endfacet
  facet normal 0.336877 0 0.941549
    outer loop
      vertex -72.7553 17.5 0.348067
      vertex -72.09 -14.5 0.110029
      vertex -72.09 17.5 0.110029
    endloop
  endfacet
  facet normal 0.336877 0 0.941549
    outer loop
      vertex -72.09 -14.5 0.110029
      vertex -72.7553 17.5 0.348067
      vertex -72.7553 -14.5 0.348067
    endloop
  endfacet
  facet normal 0.803209 -0 0.595698
    outer loop
      vertex -75.9866 -14.5 2.99989
      vertex -75.5657 17.5 2.43237
      vertex -75.9866 17.5 2.99989
    endloop
  endfacet
  facet normal 0.803209 0 0.595698
    outer loop
      vertex -75.5657 17.5 2.43237
      vertex -75.9866 -14.5 2.99989
      vertex -75.5657 -14.5 2.43237
    endloop
  endfacet
  facet normal 0.941516 -0 0.336968
    outer loop
      vertex -76.89 -14.5 4.90995
      vertex -76.6519 17.5 4.24468
      vertex -76.89 17.5 4.90995
    endloop
  endfacet
  facet normal 0.941516 0 0.336968
    outer loop
      vertex -76.6519 17.5 4.24468
      vertex -76.89 -14.5 4.90995
      vertex -76.6519 -14.5 4.24468
    endloop
  endfacet
  facet normal 0.90399 -0 0.427553
    outer loop
      vertex -76.6519 -14.5 4.24468
      vertex -76.3498 17.5 3.60594
      vertex -76.6519 17.5 4.24468
    endloop
  endfacet
  facet normal 0.90399 0 0.427553
    outer loop
      vertex -76.3498 17.5 3.60594
      vertex -76.6519 -14.5 4.24468
      vertex -76.3498 -14.5 3.60594
    endloop
  endfacet
  facet normal 0.970026 -0 0.243002
    outer loop
      vertex -77.0617 -14.5 5.59535
      vertex -76.89 17.5 4.90995
      vertex -77.0617 17.5 5.59535
    endloop
  endfacet
  facet normal 0.970026 0 0.243002
    outer loop
      vertex -76.89 17.5 4.90995
      vertex -77.0617 -14.5 5.59535
      vertex -76.89 -14.5 4.90995
    endloop
  endfacet
  facet normal 1 -0 0
    outer loop
      vertex -71.5 -14.5 18
      vertex -71.5 17.5 14.0378
      vertex -71.5 17.5 18
    endloop
  endfacet
  facet normal 1 0 0
    outer loop
      vertex -71.5 17.5 14.0378
      vertex -71.5 -14.5 18
      vertex -71.5 -14.5 14.0378
    endloop
  endfacet
  facet normal -1 0 0
    outer loop
      vertex -68.5 -14.5 14.0378
      vertex -68.5 17.5 18
      vertex -68.5 17.5 14.0378
    endloop
  endfacet
  facet normal -1 -0 0
    outer loop
      vertex -68.5 17.5 18
      vertex -68.5 -14.5 14.0378
      vertex -68.5 -14.5 18
    endloop
  endfacet
  facet normal -1 0 0
    outer loop
      vertex 59 -14.5 0
      vertex 59 17.5 18
      vertex 59 17.5 0
    endloop
  endfacet
  facet normal -1 -0 0
    outer loop
      vertex 59 17.5 18
      vertex 59 -14.5 0
      vertex 59 -14.5 18
    endloop
  endfacet
  facet normal -0 0 1
    outer loop
      vertex 71.5 17.5 18
      vertex 81 -14.5 18
      vertex 81 17.5 18
    endloop
  endfacet
  facet normal 0 0 1
    outer loop
      vertex 81 -14.5 18
      vertex 71.5 17.5 18
      vertex 71.5 -14.5 18
    endloop
  endfacet
  facet normal -0 0 1
    outer loop
      vertex 59 17.5 18
      vertex 68.5 -14.5 18
      vertex 68.5 17.5 18
    endloop
  endfacet
  facet normal 0 0 1
    outer loop
      vertex 68.5 -14.5 18
      vertex 59 17.5 18
      vertex 59 -14.5 18
    endloop
  endfacet
  facet normal 1 -0 0
    outer loop
      vertex 81 -14.5 18
      vertex 81 17.5 0
      vertex 81 17.5 18
    endloop
  endfacet
  facet normal 1 0 0
    outer loop
      vertex 81 17.5 0
      vertex 81 -14.5 18
      vertex 81 -14.5 0
    endloop
  endfacet
  facet normal -0.998793 0 -0.0491103
    outer loop
      vertex 77.2 -14.5 7
      vertex 77.1653 17.5 7.70572
      vertex 77.2 17.5 7
    endloop
  endfacet
  facet normal -0.998793 -0 -0.0491103
    outer loop
      vertex 77.1653 17.5 7.70572
      vertex 77.2 -14.5 7
      vertex 77.1653 -14.5 7.70572
    endloop
  endfacet
  facet normal -0.989192 0 -0.146625
    outer loop
      vertex 77.1653 -14.5 7.70572
      vertex 77.0617 17.5 8.40465
      vertex 77.1653 17.5 7.70572
    endloop
  endfacet
  facet normal -0.989192 -0 -0.146625
    outer loop
      vertex 77.0617 17.5 8.40465
      vertex 77.1653 -14.5 7.70572
      vertex 77.0617 -14.5 8.40465
    endloop
  endfacet
  facet normal -0.67151 0 -0.740996
    outer loop
      vertex 74.5676 -14.5 12.5657
      vertex 75.0912 17.5 12.0912
      vertex 75.0912 -14.5 12.0912
    endloop
  endfacet
  facet normal -0.67151 0 -0.740996
    outer loop
      vertex 75.0912 17.5 12.0912
      vertex 74.5676 -14.5 12.5657
      vertex 74.5676 17.5 12.5657
    endloop
  endfacet
  facet normal 0.740996 0 -0.67151
    outer loop
      vertex 64.9088 -14.5 12.0912
      vertex 64.4343 17.5 11.5676
      vertex 64.9088 17.5 12.0912
    endloop
  endfacet
  facet normal 0.740996 0 -0.67151
    outer loop
      vertex 64.4343 17.5 11.5676
      vertex 64.9088 -14.5 12.0912
      vertex 64.4343 -14.5 11.5676
    endloop
  endfacet
  facet normal 0.427521 0 -0.904006
    outer loop
      vertex 66.6059 -14.5 13.3498
      vertex 67.2447 17.5 13.6519
      vertex 67.2447 -14.5 13.6519
    endloop
  endfacet
  facet normal 0.427521 0 -0.904006
    outer loop
      vertex 67.2447 17.5 13.6519
      vertex 66.6059 -14.5 13.3498
      vertex 66.6059 17.5 13.3498
    endloop
  endfacet
  facet normal -0.904 0 -0.427531
    outer loop
      vertex 76.6519 -14.5 9.75532
      vertex 76.3498 17.5 10.3941
      vertex 76.6519 17.5 9.75532
    endloop
  endfacet
  facet normal -0.904 -0 -0.427531
    outer loop
      vertex 76.3498 17.5 10.3941
      vertex 76.6519 -14.5 9.75532
      vertex 76.3498 -14.5 10.3941
    endloop
  endfacet
  facet normal -0.336955 0 -0.941521
    outer loop
      vertex 72.09 -14.5 13.89
      vertex 72.7553 17.5 13.6519
      vertex 72.7553 -14.5 13.6519
    endloop
  endfacet
  facet normal -0.336955 0 -0.941521
    outer loop
      vertex 72.7553 17.5 13.6519
      vertex 72.09 -14.5 13.89
      vertex 72.09 17.5 13.89
    endloop
  endfacet
  facet normal 0.857743 0 -0.514079
    outer loop
      vertex 64.0134 -14.5 11.0001
      vertex 63.6502 17.5 10.3941
      vertex 64.0134 17.5 11.0001
    endloop
  endfacet
  facet normal 0.857743 0 -0.514079
    outer loop
      vertex 63.6502 17.5 10.3941
      vertex 64.0134 -14.5 11.0001
      vertex 63.6502 -14.5 10.3941
    endloop
  endfacet
  facet normal 0.243 0 -0.970026
    outer loop
      vertex 67.91 -14.5 13.89
      vertex 68.5 17.5 14.0378
      vertex 68.5 -14.5 14.0378
    endloop
  endfacet
  facet normal 0.243 0 -0.970026
    outer loop
      vertex 68.5 17.5 14.0378
      vertex 67.91 -14.5 13.89
      vertex 67.91 17.5 13.89
    endloop
  endfacet
  facet normal -0.740957 0 0.671552
    outer loop
      vertex 75.0912 -14.5 1.90883
      vertex 75.5657 17.5 2.43237
      vertex 75.0912 17.5 1.90883
    endloop
  endfacet
  facet normal -0.740957 0 0.671552
    outer loop
      vertex 75.5657 17.5 2.43237
      vertex 75.0912 -14.5 1.90883
      vertex 75.5657 -14.5 2.43237
    endloop
  endfacet
  facet normal -0.970026 0 0.243002
    outer loop
      vertex 76.89 -14.5 4.90995
      vertex 77.0617 17.5 5.59535
      vertex 76.89 17.5 4.90995
    endloop
  endfacet
  facet normal -0.970026 0 0.243002
    outer loop
      vertex 77.0617 17.5 5.59535
      vertex 76.89 -14.5 4.90995
      vertex 77.0617 -14.5 5.59535
    endloop
  endfacet
  facet normal 0.671517 0 0.740989
    outer loop
      vertex 64.9088 17.5 1.90883
      vertex 65.4324 -14.5 1.43432
      vertex 65.4324 17.5 1.43432
    endloop
  endfacet
  facet normal 0.671517 0 0.740989
    outer loop
      vertex 65.4324 -14.5 1.43432
      vertex 64.9088 17.5 1.90883
      vertex 64.9088 -14.5 1.90883
    endloop
  endfacet
  facet normal 0.740957 -0 0.671552
    outer loop
      vertex 64.4343 -14.5 2.43237
      vertex 64.9088 17.5 1.90883
      vertex 64.4343 17.5 2.43237
    endloop
  endfacet
  facet normal 0.740957 0 0.671552
    outer loop
      vertex 64.9088 17.5 1.90883
      vertex 64.4343 -14.5 2.43237
      vertex 64.9088 -14.5 1.90883
    endloop
  endfacet
  facet normal -0.970026 0 -0.243002
    outer loop
      vertex 77.0617 -14.5 8.40465
      vertex 76.89 17.5 9.09005
      vertex 77.0617 17.5 8.40465
    endloop
  endfacet
  facet normal -0.970026 -0 -0.243002
    outer loop
      vertex 76.89 17.5 9.09005
      vertex 77.0617 -14.5 8.40465
      vertex 76.89 -14.5 9.09005
    endloop
  endfacet
  facet normal -0.941516 0 -0.336968
    outer loop
      vertex 76.89 -14.5 9.09005
      vertex 76.6519 17.5 9.75532
      vertex 76.89 17.5 9.09005
    endloop
  endfacet
  facet normal -0.941516 -0 -0.336968
    outer loop
      vertex 76.6519 17.5 9.75532
      vertex 76.89 -14.5 9.09005
      vertex 76.6519 -14.5 9.75532
    endloop
  endfacet
  facet normal 0.989192 0 -0.146625
    outer loop
      vertex 62.9383 -14.5 8.40465
      vertex 62.8347 17.5 7.70572
      vertex 62.9383 17.5 8.40465
    endloop
  endfacet
  facet normal 0.989192 0 -0.146625
    outer loop
      vertex 62.8347 17.5 7.70572
      vertex 62.9383 -14.5 8.40465
      vertex 62.8347 -14.5 7.70572
    endloop
  endfacet
  facet normal 0.941516 0 -0.336968
    outer loop
      vertex 63.3481 -14.5 9.75532
      vertex 63.11 17.5 9.09005
      vertex 63.3481 17.5 9.75532
    endloop
  endfacet
  facet normal 0.941516 0 -0.336968
    outer loop
      vertex 63.11 17.5 9.09005
      vertex 63.3481 -14.5 9.75532
      vertex 63.11 -14.5 9.09005
    endloop
  endfacet
  facet normal 0.904 0 -0.427531
    outer loop
      vertex 63.6502 -14.5 10.3941
      vertex 63.3481 17.5 9.75532
      vertex 63.6502 17.5 10.3941
    endloop
  endfacet
  facet normal 0.904 0 -0.427531
    outer loop
      vertex 63.3481 17.5 9.75532
      vertex 63.6502 -14.5 10.3941
      vertex 63.3481 -14.5 9.75532
    endloop
  endfacet
  facet normal 0.595711 0 -0.803199
    outer loop
      vertex 65.4324 -14.5 12.5657
      vertex 65.9999 17.5 12.9866
      vertex 65.9999 -14.5 12.9866
    endloop
  endfacet
  facet normal 0.595711 0 -0.803199
    outer loop
      vertex 65.9999 17.5 12.9866
      vertex 65.4324 -14.5 12.5657
      vertex 65.4324 17.5 12.5657
    endloop
  endfacet
  facet normal -0.336877 0 0.941549
    outer loop
      vertex 72.09 17.5 0.110029
      vertex 72.7553 -14.5 0.348067
      vertex 72.7553 17.5 0.348067
    endloop
  endfacet
  facet normal -0.336877 0 0.941549
    outer loop
      vertex 72.7553 -14.5 0.348067
      vertex 72.09 17.5 0.110029
      vertex 72.09 -14.5 0.110029
    endloop
  endfacet
  facet normal -0.803209 0 0.595698
    outer loop
      vertex 75.5657 -14.5 2.43237
      vertex 75.9866 17.5 2.99989
      vertex 75.5657 17.5 2.43237
    endloop
  endfacet
  facet normal -0.803209 0 0.595698
    outer loop
      vertex 75.9866 17.5 2.99989
      vertex 75.5657 -14.5 2.43237
      vertex 75.9866 -14.5 2.99989
    endloop
  endfacet
  facet normal -0.857761 0 0.514048
    outer loop
      vertex 75.9866 -14.5 2.99989
      vertex 76.3498 17.5 3.60594
      vertex 75.9866 17.5 2.99989
    endloop
  endfacet
  facet normal -0.857761 0 0.514048
    outer loop
      vertex 76.3498 17.5 3.60594
      vertex 75.9866 -14.5 2.99989
      vertex 76.3498 -14.5 3.60594
    endloop
  endfacet
  facet normal -0.90399 0 0.427553
    outer loop
      vertex 76.3498 -14.5 3.60594
      vertex 76.6519 17.5 4.24468
      vertex 76.3498 17.5 3.60594
    endloop
  endfacet
  facet normal -0.90399 0 0.427553
    outer loop
      vertex 76.6519 17.5 4.24468
      vertex 76.3498 -14.5 3.60594
      vertex 76.6519 -14.5 4.24468
    endloop
  endfacet
  facet normal 0.514135 0 0.85771
    outer loop
      vertex 65.9999 17.5 1.01342
      vertex 66.6059 -14.5 0.650167
      vertex 66.6059 17.5 0.650167
    endloop
  endfacet
  facet normal 0.514135 0 0.85771
    outer loop
      vertex 66.6059 -14.5 0.650167
      vertex 65.9999 17.5 1.01342
      vertex 65.9999 -14.5 1.01342
    endloop
  endfacet
  facet normal 0.243012 0 0.970023
    outer loop
      vertex 67.91 17.5 0.110029
      vertex 68.3492 -14.5 0
      vertex 68.3492 17.5 0
    endloop
  endfacet
  facet normal 0.243012 0 0.970023
    outer loop
      vertex 68.3492 -14.5 0
      vertex 67.91 17.5 0.110029
      vertex 67.91 -14.5 0.110029
    endloop
  endfacet
  facet normal 0.857761 -0 0.514048
    outer loop
      vertex 63.6502 -14.5 3.60594
      vertex 64.0134 17.5 2.99989
      vertex 63.6502 17.5 3.60594
    endloop
  endfacet
  facet normal 0.857761 0 0.514048
    outer loop
      vertex 64.0134 17.5 2.99989
      vertex 63.6502 -14.5 3.60594
      vertex 64.0134 -14.5 2.99989
    endloop
  endfacet
  facet normal 0.989192 -0 0.146625
    outer loop
      vertex 62.8347 -14.5 6.29428
      vertex 62.9383 17.5 5.59535
      vertex 62.8347 17.5 6.29428
    endloop
  endfacet
  facet normal 0.989192 0 0.146625
    outer loop
      vertex 62.9383 17.5 5.59535
      vertex 62.8347 -14.5 6.29428
      vertex 62.9383 -14.5 5.59535
    endloop
  endfacet
  facet normal -0.740996 0 -0.67151
    outer loop
      vertex 75.5657 -14.5 11.5676
      vertex 75.0912 17.5 12.0912
      vertex 75.5657 17.5 11.5676
    endloop
  endfacet
  facet normal -0.740996 -0 -0.67151
    outer loop
      vertex 75.0912 17.5 12.0912
      vertex 75.5657 -14.5 11.5676
      vertex 75.0912 -14.5 12.0912
    endloop
  endfacet
  facet normal -0.857743 0 -0.514079
    outer loop
      vertex 76.3498 -14.5 10.3941
      vertex 75.9866 17.5 11.0001
      vertex 76.3498 17.5 10.3941
    endloop
  endfacet
  facet normal -0.857743 -0 -0.514079
    outer loop
      vertex 75.9866 17.5 11.0001
      vertex 76.3498 -14.5 10.3941
      vertex 75.9866 -14.5 11.0001
    endloop
  endfacet
  facet normal -0.803199 0 -0.595711
    outer loop
      vertex 75.9866 -14.5 11.0001
      vertex 75.5657 17.5 11.5676
      vertex 75.9866 17.5 11.0001
    endloop
  endfacet
  facet normal -0.803199 -0 -0.595711
    outer loop
      vertex 75.5657 17.5 11.5676
      vertex 75.9866 -14.5 11.0001
      vertex 75.5657 -14.5 11.5676
    endloop
  endfacet
  facet normal -0.243 0 -0.970026
    outer loop
      vertex 71.5 -14.5 14.0378
      vertex 72.09 17.5 13.89
      vertex 72.09 -14.5 13.89
    endloop
  endfacet
  facet normal -0.243 0 -0.970026
    outer loop
      vertex 72.09 17.5 13.89
      vertex 71.5 -14.5 14.0378
      vertex 71.5 17.5 14.0378
    endloop
  endfacet
  facet normal -0.427521 0 -0.904006
    outer loop
      vertex 72.7553 -14.5 13.6519
      vertex 73.3941 17.5 13.3498
      vertex 73.3941 -14.5 13.3498
    endloop
  endfacet
  facet normal -0.427521 0 -0.904006
    outer loop
      vertex 73.3941 17.5 13.3498
      vertex 72.7553 -14.5 13.6519
      vertex 72.7553 17.5 13.6519
    endloop
  endfacet
  facet normal -0.595711 0 -0.803199
    outer loop
      vertex 74.0001 -14.5 12.9866
      vertex 74.5676 17.5 12.5657
      vertex 74.5676 -14.5 12.5657
    endloop
  endfacet
  facet normal -0.595711 0 -0.803199
    outer loop
      vertex 74.5676 17.5 12.5657
      vertex 74.0001 -14.5 12.9866
      vertex 74.0001 17.5 12.9866
    endloop
  endfacet
  facet normal -0.514079 0 -0.857743
    outer loop
      vertex 73.3941 -14.5 13.3498
      vertex 74.0001 17.5 12.9866
      vertex 74.0001 -14.5 12.9866
    endloop
  endfacet
  facet normal -0.514079 0 -0.857743
    outer loop
      vertex 74.0001 17.5 12.9866
      vertex 73.3941 -14.5 13.3498
      vertex 73.3941 17.5 13.3498
    endloop
  endfacet
  facet normal 0.803199 0 -0.595711
    outer loop
      vertex 64.4343 -14.5 11.5676
      vertex 64.0134 17.5 11.0001
      vertex 64.4343 17.5 11.5676
    endloop
  endfacet
  facet normal 0.803199 0 -0.595711
    outer loop
      vertex 64.0134 17.5 11.0001
      vertex 64.4343 -14.5 11.5676
      vertex 64.0134 -14.5 11.0001
    endloop
  endfacet
  facet normal 0.970026 0 -0.243002
    outer loop
      vertex 63.11 -14.5 9.09005
      vertex 62.9383 17.5 8.40465
      vertex 63.11 17.5 9.09005
    endloop
  endfacet
  facet normal 0.970026 0 -0.243002
    outer loop
      vertex 62.9383 17.5 8.40465
      vertex 63.11 -14.5 9.09005
      vertex 62.9383 -14.5 8.40465
    endloop
  endfacet
  facet normal 0.998793 0 -0.0491103
    outer loop
      vertex 62.8347 -14.5 7.70572
      vertex 62.8 17.5 7
      vertex 62.8347 17.5 7.70572
    endloop
  endfacet
  facet normal 0.998793 0 -0.0491103
    outer loop
      vertex 62.8 17.5 7
      vertex 62.8347 -14.5 7.70572
      vertex 62.8 -14.5 7
    endloop
  endfacet
  facet normal 0.998793 -0 0.0491103
    outer loop
      vertex 62.8 -14.5 7
      vertex 62.8347 17.5 6.29428
      vertex 62.8 17.5 7
    endloop
  endfacet
  facet normal 0.998793 0 0.0491103
    outer loop
      vertex 62.8347 17.5 6.29428
      vertex 62.8 -14.5 7
      vertex 62.8347 -14.5 6.29428
    endloop
  endfacet
  facet normal 0.67151 0 -0.740996
    outer loop
      vertex 64.9088 -14.5 12.0912
      vertex 65.4324 17.5 12.5657
      vertex 65.4324 -14.5 12.5657
    endloop
  endfacet
  facet normal 0.67151 0 -0.740996
    outer loop
      vertex 65.4324 17.5 12.5657
      vertex 64.9088 -14.5 12.0912
      vertex 64.9088 17.5 12.0912
    endloop
  endfacet
  facet normal 0.514079 0 -0.857743
    outer loop
      vertex 65.9999 -14.5 12.9866
      vertex 66.6059 17.5 13.3498
      vertex 66.6059 -14.5 13.3498
    endloop
  endfacet
  facet normal 0.514079 0 -0.857743
    outer loop
      vertex 66.6059 17.5 13.3498
      vertex 65.9999 -14.5 12.9866
      vertex 65.9999 17.5 12.9866
    endloop
  endfacet
  facet normal 0.336955 0 -0.941521
    outer loop
      vertex 67.2447 -14.5 13.6519
      vertex 67.91 17.5 13.89
      vertex 67.91 -14.5 13.89
    endloop
  endfacet
  facet normal 0.336955 0 -0.941521
    outer loop
      vertex 67.91 17.5 13.89
      vertex 67.2447 -14.5 13.6519
      vertex 67.2447 17.5 13.6519
    endloop
  endfacet
  facet normal -0.243012 0 0.970023
    outer loop
      vertex 71.6508 17.5 0
      vertex 72.09 -14.5 0.110029
      vertex 72.09 17.5 0.110029
    endloop
  endfacet
  facet normal -0.243012 0 0.970023
    outer loop
      vertex 72.09 -14.5 0.110029
      vertex 71.6508 17.5 0
      vertex 71.6508 -14.5 0
    endloop
  endfacet
  facet normal -0.427521 0 0.904006
    outer loop
      vertex 72.7553 17.5 0.348067
      vertex 73.3941 -14.5 0.650167
      vertex 73.3941 17.5 0.650167
    endloop
  endfacet
  facet normal -0.427521 0 0.904006
    outer loop
      vertex 73.3941 -14.5 0.650167
      vertex 72.7553 17.5 0.348067
      vertex 72.7553 -14.5 0.348067
    endloop
  endfacet
  facet normal -0.671517 0 0.740989
    outer loop
      vertex 74.5676 17.5 1.43432
      vertex 75.0912 -14.5 1.90883
      vertex 75.0912 17.5 1.90883
    endloop
  endfacet
  facet normal -0.671517 0 0.740989
    outer loop
      vertex 75.0912 -14.5 1.90883
      vertex 74.5676 17.5 1.43432
      vertex 74.5676 -14.5 1.43432
    endloop
  endfacet
  facet normal -0.514135 0 0.85771
    outer loop
      vertex 73.3941 17.5 0.650167
      vertex 74.0001 -14.5 1.01342
      vertex 74.0001 17.5 1.01342
    endloop
  endfacet
  facet normal -0.514135 0 0.85771
    outer loop
      vertex 74.0001 -14.5 1.01342
      vertex 73.3941 17.5 0.650167
      vertex 73.3941 -14.5 0.650167
    endloop
  endfacet
  facet normal -0.595711 0 0.803199
    outer loop
      vertex 74.0001 17.5 1.01342
      vertex 74.5676 -14.5 1.43432
      vertex 74.5676 17.5 1.43432
    endloop
  endfacet
  facet normal -0.595711 0 0.803199
    outer loop
      vertex 74.5676 -14.5 1.43432
      vertex 74.0001 17.5 1.01342
      vertex 74.0001 -14.5 1.01342
    endloop
  endfacet
  facet normal -0.941516 0 0.336968
    outer loop
      vertex 76.6519 -14.5 4.24468
      vertex 76.89 17.5 4.90995
      vertex 76.6519 17.5 4.24468
    endloop
  endfacet
  facet normal -0.941516 0 0.336968
    outer loop
      vertex 76.89 17.5 4.90995
      vertex 76.6519 -14.5 4.24468
      vertex 76.89 -14.5 4.90995
    endloop
  endfacet
  facet normal -0.989192 0 0.146625
    outer loop
      vertex 77.0617 -14.5 5.59535
      vertex 77.1653 17.5 6.29428
      vertex 77.0617 17.5 5.59535
    endloop
  endfacet
  facet normal -0.989192 0 0.146625
    outer loop
      vertex 77.1653 17.5 6.29428
      vertex 77.0617 -14.5 5.59535
      vertex 77.1653 -14.5 6.29428
    endloop
  endfacet
  facet normal -0.998793 0 0.0491103
    outer loop
      vertex 77.1653 -14.5 6.29428
      vertex 77.2 17.5 7
      vertex 77.1653 17.5 6.29428
    endloop
  endfacet
  facet normal -0.998793 0 0.0491103
    outer loop
      vertex 77.2 17.5 7
      vertex 77.1653 -14.5 6.29428
      vertex 77.2 -14.5 7
    endloop
  endfacet
  facet normal 0.595711 0 0.803199
    outer loop
      vertex 65.4324 17.5 1.43432
      vertex 65.9999 -14.5 1.01342
      vertex 65.9999 17.5 1.01342
    endloop
  endfacet
  facet normal 0.595711 0 0.803199
    outer loop
      vertex 65.9999 -14.5 1.01342
      vertex 65.4324 17.5 1.43432
      vertex 65.4324 -14.5 1.43432
    endloop
  endfacet
  facet normal 0.427521 0 0.904006
    outer loop
      vertex 66.6059 17.5 0.650167
      vertex 67.2447 -14.5 0.348067
      vertex 67.2447 17.5 0.348067
    endloop
  endfacet
  facet normal 0.427521 0 0.904006
    outer loop
      vertex 67.2447 -14.5 0.348067
      vertex 66.6059 17.5 0.650167
      vertex 66.6059 -14.5 0.650167
    endloop
  endfacet
  facet normal 0.336877 0 0.941549
    outer loop
      vertex 67.2447 17.5 0.348067
      vertex 67.91 -14.5 0.110029
      vertex 67.91 17.5 0.110029
    endloop
  endfacet
  facet normal 0.336877 0 0.941549
    outer loop
      vertex 67.91 -14.5 0.110029
      vertex 67.2447 17.5 0.348067
      vertex 67.2447 -14.5 0.348067
    endloop
  endfacet
  facet normal 0.803209 -0 0.595698
    outer loop
      vertex 64.0134 -14.5 2.99989
      vertex 64.4343 17.5 2.43237
      vertex 64.0134 17.5 2.99989
    endloop
  endfacet
  facet normal 0.803209 0 0.595698
    outer loop
      vertex 64.4343 17.5 2.43237
      vertex 64.0134 -14.5 2.99989
      vertex 64.4343 -14.5 2.43237
    endloop
  endfacet
  facet normal 0.941516 -0 0.336968
    outer loop
      vertex 63.11 -14.5 4.90995
      vertex 63.3481 17.5 4.24468
      vertex 63.11 17.5 4.90995
    endloop
  endfacet
  facet normal 0.941516 0 0.336968
    outer loop
      vertex 63.3481 17.5 4.24468
      vertex 63.11 -14.5 4.90995
      vertex 63.3481 -14.5 4.24468
    endloop
  endfacet
  facet normal 0.90399 -0 0.427553
    outer loop
      vertex 63.3481 -14.5 4.24468
      vertex 63.6502 17.5 3.60594
      vertex 63.3481 17.5 4.24468
    endloop
  endfacet
  facet normal 0.90399 0 0.427553
    outer loop
      vertex 63.6502 17.5 3.60594
      vertex 63.3481 -14.5 4.24468
      vertex 63.6502 -14.5 3.60594
    endloop
  endfacet
  facet normal 0.970026 -0 0.243002
    outer loop
      vertex 62.9383 -14.5 5.59535
      vertex 63.11 17.5 4.90995
      vertex 62.9383 17.5 5.59535
    endloop
  endfacet
  facet normal 0.970026 0 0.243002
    outer loop
      vertex 63.11 17.5 4.90995
      vertex 62.9383 -14.5 5.59535
      vertex 63.11 -14.5 4.90995
    endloop
  endfacet
  facet normal 1 -0 0
    outer loop
      vertex 68.5 -14.5 18
      vertex 68.5 17.5 14.0378
      vertex 68.5 17.5 18
    endloop
  endfacet
  facet normal 1 0 0
    outer loop
      vertex 68.5 17.5 14.0378
      vertex 68.5 -14.5 18
      vertex 68.5 -14.5 14.0378
    endloop
  endfacet
  facet normal -1 0 0
    outer loop
      vertex 71.5 -14.5 14.0378
      vertex 71.5 17.5 18
      vertex 71.5 17.5 14.0378
    endloop
  endfacet
  facet normal -1 -0 0
    outer loop
      vertex 71.5 17.5 18
      vertex 71.5 -14.5 14.0378
      vertex 71.5 -14.5 18
    endloop
  endfacet
  facet normal -1 0 0
    outer loop
      vertex -95 -17.5 -8
      vertex -95 -34.5 -8
      vertex -95 -17.5 0
    endloop
  endfacet
  facet normal -1 0 0
    outer loop
      vertex -95 -17.5 0
      vertex -95 -14.5 80
      vertex -95 -14.5 0
    endloop
  endfacet
  facet normal -1 0 0
    outer loop
      vertex -95 -34.5 80
      vertex -95 -17.5 0
      vertex -95 -34.5 -8
    endloop
  endfacet
  facet normal -1 0 0
    outer loop
      vertex -95 -17.5 0
      vertex -95 -34.5 80
      vertex -95 -14.5 80
    endloop
  endfacet
  facet normal 0 0 1
    outer loop
      vertex -4 -14.5 80
      vertex -7 -19.3 80
      vertex -4 -34.5 80
    endloop
  endfacet
  facet normal 0 0 1
    outer loop
      vertex -4 -14.5 80
      vertex -92 -19.3 80
      vertex -7 -19.3 80
    endloop
  endfacet
  facet normal 0 0 1
    outer loop
      vertex -95 -34.5 80
      vertex -92 -19.3 80
      vertex -95 -14.5 80
    endloop
  endfacet
  facet normal -0 0 1
    outer loop
      vertex -95 -14.5 80
      vertex -92 -19.3 80
      vertex -4 -14.5 80
    endloop
  endfacet
  facet normal -0 0 1
    outer loop
      vertex -7 -31.5 80
      vertex -4 -34.5 80
      vertex -7 -19.3 80
    endloop
  endfacet
  facet normal -0 0 1
    outer loop
      vertex -92 -31.5 80
      vertex -4 -34.5 80
      vertex -7 -31.5 80
    endloop
  endfacet
  facet normal 0 0 1
    outer loop
      vertex -92 -31.5 80
      vertex -95 -34.5 80
      vertex -4 -34.5 80
    endloop
  endfacet
  facet normal 0 0 1
    outer loop
      vertex -92 -19.3 80
      vertex -95 -34.5 80
      vertex -92 -31.5 80
    endloop
  endfacet
  facet normal 1 0 0
    outer loop
      vertex -4 -14.5 80
      vertex -4 -17.5 0
      vertex -4 -14.5 0
    endloop
  endfacet
  facet normal 1 -0 0
    outer loop
      vertex -4 -34.5 80
      vertex -4 -17.5 0
      vertex -4 -14.5 80
    endloop
  endfacet
  facet normal 1 0 0
    outer loop
      vertex -4 -34.5 -8
      vertex -4 -17.5 0
      vertex -4 -34.5 80
    endloop
  endfacet
  facet normal 1 0 0
    outer loop
      vertex -4 -17.5 0
      vertex -4 -34.5 -8
      vertex -4 -17.5 -8
    endloop
  endfacet
  facet normal 0 1 -0
    outer loop
      vertex -68.5 -14.5 14.0378
      vertex -71.5 -14.5 18
      vertex -68.5 -14.5 18
    endloop
  endfacet
  facet normal 0 1 0
    outer loop
      vertex -68.5 -14.5 14.0378
      vertex -71.5 -14.5 14.0378
      vertex -71.5 -14.5 18
    endloop
  endfacet
  facet normal 0 1 0
    outer loop
      vertex -67.91 -14.5 13.89
      vertex -71.5 -14.5 14.0378
      vertex -68.5 -14.5 14.0378
    endloop
  endfacet
  facet normal 0 1 0
    outer loop
      vertex -67.91 -14.5 13.89
      vertex -72.09 -14.5 13.89
      vertex -71.5 -14.5 14.0378
    endloop
  endfacet
  facet normal 0 1 0
    outer loop
      vertex -67.2447 -14.5 13.6519
      vertex -72.09 -14.5 13.89
      vertex -67.91 -14.5 13.89
    endloop
  endfacet
  facet normal 0 1 0
    outer loop
      vertex -67.2447 -14.5 13.6519
      vertex -72.7553 -14.5 13.6519
      vertex -72.09 -14.5 13.89
    endloop
  endfacet
  facet normal 0 1 0
    outer loop
      vertex -66.6059 -14.5 13.3498
      vertex -72.7553 -14.5 13.6519
      vertex -67.2447 -14.5 13.6519
    endloop
  endfacet
  facet normal 0 1 0
    outer loop
      vertex -66.6059 -14.5 13.3498
      vertex -73.3941 -14.5 13.3498
      vertex -72.7553 -14.5 13.6519
    endloop
  endfacet
  facet normal 0 1 0
    outer loop
      vertex -65.9999 -14.5 12.9866
      vertex -73.3941 -14.5 13.3498
      vertex -66.6059 -14.5 13.3498
    endloop
  endfacet
  facet normal 0 1 0
    outer loop
      vertex -65.9999 -14.5 12.9866
      vertex -74.0001 -14.5 12.9866
      vertex -73.3941 -14.5 13.3498
    endloop
  endfacet
  facet normal 0 1 0
    outer loop
      vertex -65.4324 -14.5 12.5657
      vertex -74.0001 -14.5 12.9866
      vertex -65.9999 -14.5 12.9866
    endloop
  endfacet
  facet normal 0 1 0
    outer loop
      vertex -65.4324 -14.5 12.5657
      vertex -74.5676 -14.5 12.5657
      vertex -74.0001 -14.5 12.9866
    endloop
  endfacet
  facet normal 0 1 0
    outer loop
      vertex -64.9088 -14.5 12.0912
      vertex -74.5676 -14.5 12.5657
      vertex -65.4324 -14.5 12.5657
    endloop
  endfacet
  facet normal 0 1 0
    outer loop
      vertex -64.9088 -14.5 12.0912
      vertex -75.0912 -14.5 12.0912
      vertex -74.5676 -14.5 12.5657
    endloop
  endfacet
  facet normal 0 1 0
    outer loop
      vertex -64.4343 -14.5 11.5676
      vertex -75.0912 -14.5 12.0912
      vertex -64.9088 -14.5 12.0912
    endloop
  endfacet
  facet normal 0 1 0
    outer loop
      vertex -64.4343 -14.5 11.5676
      vertex -75.5657 -14.5 11.5676
      vertex -75.0912 -14.5 12.0912
    endloop
  endfacet
  facet normal 0 1 0
    outer loop
      vertex -64.0134 -14.5 11.0001
      vertex -75.5657 -14.5 11.5676
      vertex -64.4343 -14.5 11.5676
    endloop
  endfacet
  facet normal 0 1 0
    outer loop
      vertex -64.0134 -14.5 11.0001
      vertex -75.9866 -14.5 11.0001
      vertex -75.5657 -14.5 11.5676
    endloop
  endfacet
  facet normal 0 1 0
    outer loop
      vertex -63.6502 -14.5 10.3941
      vertex -75.9866 -14.5 11.0001
      vertex -64.0134 -14.5 11.0001
    endloop
  endfacet
  facet normal 0 1 0
    outer loop
      vertex -63.6502 -14.5 10.3941
      vertex -76.3498 -14.5 10.3941
      vertex -75.9866 -14.5 11.0001
    endloop
  endfacet
  facet normal 0 1 0
    outer loop
      vertex -63.3481 -14.5 9.75532
      vertex -76.3498 -14.5 10.3941
      vertex -63.6502 -14.5 10.3941
    endloop
  endfacet
  facet normal 0 1 0
    outer loop
      vertex -63.3481 -14.5 9.75532
      vertex -76.6519 -14.5 9.75532
      vertex -76.3498 -14.5 10.3941
    endloop
  endfacet
  facet normal 0 1 0
    outer loop
      vertex -63.11 -14.5 9.09005
      vertex -76.6519 -14.5 9.75532
      vertex -63.3481 -14.5 9.75532
    endloop
  endfacet
  facet normal 0 1 0
    outer loop
      vertex -63.11 -14.5 9.09005
      vertex -76.89 -14.5 9.09005
      vertex -76.6519 -14.5 9.75532
    endloop
  endfacet
  facet normal 0 1 0
    outer loop
      vertex -62.9383 -14.5 8.40465
      vertex -76.89 -14.5 9.09005
      vertex -63.11 -14.5 9.09005
    endloop
  endfacet
  facet normal 0 1 0
    outer loop
      vertex -62.9383 -14.5 8.40465
      vertex -77.0617 -14.5 8.40465
      vertex -76.89 -14.5 9.09005
    endloop
  endfacet
  facet normal 0 1 0
    outer loop
      vertex -62.8347 -14.5 7.70572
      vertex -77.0617 -14.5 8.40465
      vertex -62.9383 -14.5 8.40465
    endloop
  endfacet
  facet normal 0 1 0
    outer loop
      vertex -62.8347 -14.5 7.70572
      vertex -77.1653 -14.5 7.70572
      vertex -77.0617 -14.5 8.40465
    endloop
  endfacet
  facet normal 0 1 0
    outer loop
      vertex -62.8 -14.5 7
      vertex -77.1653 -14.5 7.70572
      vertex -62.8347 -14.5 7.70572
    endloop
  endfacet
  facet normal 0 1 0
    outer loop
      vertex -62.8 -14.5 7
      vertex -77.2 -14.5 7
      vertex -77.1653 -14.5 7.70572
    endloop
  endfacet
  facet normal 0 1 -0
    outer loop
      vertex -62.8347 -14.5 6.29428
      vertex -77.2 -14.5 7
      vertex -62.8 -14.5 7
    endloop
  endfacet
  facet normal 0 1 0
    outer loop
      vertex -62.8347 -14.5 6.29428
      vertex -77.1653 -14.5 6.29428
      vertex -77.2 -14.5 7
    endloop
  endfacet
  facet normal 0 1 -0
    outer loop
      vertex -62.9383 -14.5 5.59535
      vertex -77.1653 -14.5 6.29428
      vertex -62.8347 -14.5 6.29428
    endloop
  endfacet
  facet normal 0 1 0
    outer loop
      vertex -62.9383 -14.5 5.59535
      vertex -77.0617 -14.5 5.59535
      vertex -77.1653 -14.5 6.29428
    endloop
  endfacet
  facet normal 0 1 -0
    outer loop
      vertex -63.11 -14.5 4.90995
      vertex -77.0617 -14.5 5.59535
      vertex -62.9383 -14.5 5.59535
    endloop
  endfacet
  facet normal 0 1 0
    outer loop
      vertex -63.11 -14.5 4.90995
      vertex -76.89 -14.5 4.90995
      vertex -77.0617 -14.5 5.59535
    endloop
  endfacet
  facet normal 0 1 -0
    outer loop
      vertex -63.3481 -14.5 4.24468
      vertex -76.89 -14.5 4.90995
      vertex -63.11 -14.5 4.90995
    endloop
  endfacet
  facet normal 0 1 0
    outer loop
      vertex -63.3481 -14.5 4.24468
      vertex -76.6519 -14.5 4.24468
      vertex -76.89 -14.5 4.90995
    endloop
  endfacet
  facet normal 0 1 -0
    outer loop
      vertex -63.6502 -14.5 3.60594
      vertex -76.6519 -14.5 4.24468
      vertex -63.3481 -14.5 4.24468
    endloop
  endfacet
  facet normal 0 1 0
    outer loop
      vertex -63.6502 -14.5 3.60594
      vertex -76.3498 -14.5 3.60594
      vertex -76.6519 -14.5 4.24468
    endloop
  endfacet
  facet normal 0 1 -0
    outer loop
      vertex -64.0134 -14.5 2.99989
      vertex -76.3498 -14.5 3.60594
      vertex -63.6502 -14.5 3.60594
    endloop
  endfacet
  facet normal 0 1 0
    outer loop
      vertex -64.0134 -14.5 2.99989
      vertex -75.9866 -14.5 2.99989
      vertex -76.3498 -14.5 3.60594
    endloop
  endfacet
  facet normal 0 1 -0
    outer loop
      vertex -64.4343 -14.5 2.43237
      vertex -75.9866 -14.5 2.99989
      vertex -64.0134 -14.5 2.99989
    endloop
  endfacet
  facet normal 0 1 0
    outer loop
      vertex -64.4343 -14.5 2.43237
      vertex -75.5657 -14.5 2.43237
      vertex -75.9866 -14.5 2.99989
    endloop
  endfacet
  facet normal 0 1 -0
    outer loop
      vertex -64.9088 -14.5 1.90883
      vertex -75.5657 -14.5 2.43237
      vertex -64.4343 -14.5 2.43237
    endloop
  endfacet
  facet normal 0 1 0
    outer loop
      vertex -64.9088 -14.5 1.90883
      vertex -75.0912 -14.5 1.90883
      vertex -75.5657 -14.5 2.43237
    endloop
  endfacet
  facet normal 0 1 -0
    outer loop
      vertex -65.4324 -14.5 1.43432
      vertex -75.0912 -14.5 1.90883
      vertex -64.9088 -14.5 1.90883
    endloop
  endfacet
  facet normal 0 1 0
    outer loop
      vertex -65.4324 -14.5 1.43432
      vertex -74.5676 -14.5 1.43432
      vertex -75.0912 -14.5 1.90883
    endloop
  endfacet
  facet normal 0 1 -0
    outer loop
      vertex -65.9999 -14.5 1.01342
      vertex -74.5676 -14.5 1.43432
      vertex -65.4324 -14.5 1.43432
    endloop
  endfacet
  facet normal 0 1 0
    outer loop
      vertex -65.9999 -14.5 1.01342
      vertex -74.0001 -14.5 1.01342
      vertex -74.5676 -14.5 1.43432
    endloop
  endfacet
  facet normal 0 1 -0
    outer loop
      vertex -66.6059 -14.5 0.650167
      vertex -74.0001 -14.5 1.01342
      vertex -65.9999 -14.5 1.01342
    endloop
  endfacet
  facet normal 0 1 0
    outer loop
      vertex -66.6059 -14.5 0.650167
      vertex -73.3941 -14.5 0.650167
      vertex -74.0001 -14.5 1.01342
    endloop
  endfacet
  facet normal 0 1 -0
    outer loop
      vertex -67.2447 -14.5 0.348067
      vertex -73.3941 -14.5 0.650167
      vertex -66.6059 -14.5 0.650167
    endloop
  endfacet
  facet normal 0 1 0
    outer loop
      vertex -67.2447 -14.5 0.348067
      vertex -72.7553 -14.5 0.348067
      vertex -73.3941 -14.5 0.650167
    endloop
  endfacet
  facet normal 0 1 0
    outer loop
      vertex -68.3492 -14.5 0
      vertex -67.2447 -14.5 0.348067
      vertex -67.91 -14.5 0.110029
    endloop
  endfacet
  facet normal 0 1 0
    outer loop
      vertex -67.2447 -14.5 0.348067
      vertex -68.3492 -14.5 0
      vertex -72.7553 -14.5 0.348067
    endloop
  endfacet
  facet normal 0 1 -0
    outer loop
      vertex -71.6508 -14.5 0
      vertex -72.7553 -14.5 0.348067
      vertex -68.3492 -14.5 0
    endloop
  endfacet
  facet normal 0 1 0
    outer loop
      vertex -72.7553 -14.5 0.348067
      vertex -71.6508 -14.5 0
      vertex -72.09 -14.5 0.110029
    endloop
  endfacet
  facet normal 0 1 0
    outer loop
      vertex -4 -14.5 80
      vertex -59 -14.5 18
      vertex -95 -14.5 80
    endloop
  endfacet
  facet normal 0 1 -0
    outer loop
      vertex -4 -14.5 0
      vertex -59 -14.5 18
      vertex -4 -14.5 80
    endloop
  endfacet
  facet normal 0 1 0
    outer loop
      vertex -59 -14.5 18
      vertex -4 -14.5 0
      vertex -59 -14.5 0
    endloop
  endfacet
  facet normal 0 1 -0
    outer loop
      vertex -68.5 -14.5 18
      vertex -95 -14.5 80
      vertex -59 -14.5 18
    endloop
  endfacet
  facet normal 0 1 -0
    outer loop
      vertex -71.5 -14.5 18
      vertex -95 -14.5 80
      vertex -68.5 -14.5 18
    endloop
  endfacet
  facet normal 0 1 -0
    outer loop
      vertex -81 -14.5 18
      vertex -95 -14.5 80
      vertex -71.5 -14.5 18
    endloop
  endfacet
  facet normal 0 1 0
    outer loop
      vertex -95 -14.5 0
      vertex -81 -14.5 18
      vertex -81 -14.5 0
    endloop
  endfacet
  facet normal 0 1 0
    outer loop
      vertex -81 -14.5 18
      vertex -95 -14.5 0
      vertex -95 -14.5 80
    endloop
  endfacet
  facet normal 0 -1 0
    outer loop
      vertex -95 -34.5 80
      vertex -58.5 -34.5 21
      vertex -4 -34.5 80
    endloop
  endfacet
  facet normal 0 -1 0
    outer loop
      vertex -95 -34.5 -8
      vertex -58.5 -34.5 21
      vertex -95 -34.5 80
    endloop
  endfacet
  facet normal 0 -1 -0
    outer loop
      vertex -58.5 -34.5 3
      vertex -95 -34.5 -8
      vertex -40.5 -34.5 3
    endloop
  endfacet
  facet normal 0 -1 -0
    outer loop
      vertex -58.5 -34.5 21
      vertex -95 -34.5 -8
      vertex -58.5 -34.5 3
    endloop
  endfacet
  facet normal 0 -1 0
    outer loop
      vertex -40.5 -34.5 21
      vertex -4 -34.5 80
      vertex -58.5 -34.5 21
    endloop
  endfacet
  facet normal 0 -1 0
    outer loop
      vertex -4 -34.5 -8
      vertex -40.5 -34.5 21
      vertex -40.5 -34.5 3
    endloop
  endfacet
  facet normal 0 -1 0
    outer loop
      vertex -40.5 -34.5 21
      vertex -4 -34.5 -8
      vertex -4 -34.5 80
    endloop
  endfacet
  facet normal 0 -1 0
    outer loop
      vertex -4 -34.5 -8
      vertex -40.5 -34.5 3
      vertex -95 -34.5 -8
    endloop
  endfacet
  facet normal 1 -0 0
    outer loop
      vertex -92 -31.5 80
      vertex -92 -19.3 -5
      vertex -92 -19.3 80
    endloop
  endfacet
  facet normal 1 0 0
    outer loop
      vertex -92 -19.3 -5
      vertex -92 -31.5 80
      vertex -92 -31.5 -5
    endloop
  endfacet
  facet normal -1 0 0
    outer loop
      vertex -7 -31.5 -5
      vertex -7 -19.3 80
      vertex -7 -19.3 -5
    endloop
  endfacet
  facet normal -1 -0 0
    outer loop
      vertex -7 -19.3 80
      vertex -7 -31.5 -5
      vertex -7 -31.5 80
    endloop
  endfacet
  facet normal 0 -1 0
    outer loop
      vertex -92 -19.3 -5
      vertex -7 -19.3 80
      vertex -92 -19.3 80
    endloop
  endfacet
  facet normal 0 -1 -0
    outer loop
      vertex -7 -19.3 80
      vertex -92 -19.3 -5
      vertex -7 -19.3 -5
    endloop
  endfacet
  facet normal -0 0 1
    outer loop
      vertex -92 -19.3 -5
      vertex -7 -31.5 -5
      vertex -7 -19.3 -5
    endloop
  endfacet
  facet normal 0 0 1
    outer loop
      vertex -7 -31.5 -5
      vertex -92 -19.3 -5
      vertex -92 -31.5 -5
    endloop
  endfacet
  facet normal 0 1 0
    outer loop
      vertex -7 -31.5 80
      vertex -40.5 -31.5 21
      vertex -92 -31.5 80
    endloop
  endfacet
  facet normal 0 1 -0
    outer loop
      vertex -7 -31.5 -5
      vertex -40.5 -31.5 21
      vertex -7 -31.5 80
    endloop
  endfacet
  facet normal 0 1 0
    outer loop
      vertex -40.5 -31.5 3
      vertex -7 -31.5 -5
      vertex -58.5 -31.5 3
    endloop
  endfacet
  facet normal 0 1 0
    outer loop
      vertex -40.5 -31.5 21
      vertex -7 -31.5 -5
      vertex -40.5 -31.5 3
    endloop
  endfacet
  facet normal 0 1 -0
    outer loop
      vertex -58.5 -31.5 21
      vertex -92 -31.5 80
      vertex -40.5 -31.5 21
    endloop
  endfacet
  facet normal 0 1 0
    outer loop
      vertex -92 -31.5 -5
      vertex -58.5 -31.5 21
      vertex -58.5 -31.5 3
    endloop
  endfacet
  facet normal 0 1 0
    outer loop
      vertex -58.5 -31.5 21
      vertex -92 -31.5 -5
      vertex -92 -31.5 80
    endloop
  endfacet
  facet normal 0 1 0
    outer loop
      vertex -92 -31.5 -5
      vertex -58.5 -31.5 3
      vertex -7 -31.5 -5
    endloop
  endfacet
  facet normal 1 -0 0
    outer loop
      vertex -58.5 -34.5 21
      vertex -58.5 -31.5 3
      vertex -58.5 -31.5 21
    endloop
  endfacet
  facet normal 1 0 0
    outer loop
      vertex -58.5 -31.5 3
      vertex -58.5 -34.5 21
      vertex -58.5 -34.5 3
    endloop
  endfacet
  facet normal 0 0 -1
    outer loop
      vertex -58.5 -34.5 21
      vertex -40.5 -31.5 21
      vertex -40.5 -34.5 21
    endloop
  endfacet
  facet normal -0 0 -1
    outer loop
      vertex -40.5 -31.5 21
      vertex -58.5 -34.5 21
      vertex -58.5 -31.5 21
    endloop
  endfacet
  facet normal -1 0 0
    outer loop
      vertex -40.5 -34.5 3
      vertex -40.5 -31.5 21
      vertex -40.5 -31.5 3
    endloop
  endfacet
  facet normal -1 -0 0
    outer loop
      vertex -40.5 -31.5 21
      vertex -40.5 -34.5 3
      vertex -40.5 -34.5 21
    endloop
  endfacet
  facet normal -0 0 1
    outer loop
      vertex -58.5 -31.5 3
      vertex -40.5 -34.5 3
      vertex -40.5 -31.5 3
    endloop
  endfacet
  facet normal 0 0 1
    outer loop
      vertex -40.5 -34.5 3
      vertex -58.5 -31.5 3
      vertex -58.5 -34.5 3
    endloop
  endfacet
  facet normal -1 0 0
    outer loop
      vertex 4 -17.5 -8
      vertex 4 -34.5 -8
      vertex 4 -17.5 0
    endloop
  endfacet
  facet normal -1 0 0
    outer loop
      vertex 4 -17.5 0
      vertex 4 -14.5 80
      vertex 4 -14.5 0
    endloop
  endfacet
  facet normal -1 0 0
    outer loop
      vertex 4 -34.5 80
      vertex 4 -17.5 0
      vertex 4 -34.5 -8
    endloop
  endfacet
  facet normal -1 0 0
    outer loop
      vertex 4 -17.5 0
      vertex 4 -34.5 80
      vertex 4 -14.5 80
    endloop
  endfacet
  facet normal 0 0 1
    outer loop
      vertex 95 -14.5 80
      vertex 92 -19.3 80
      vertex 95 -34.5 80
    endloop
  endfacet
  facet normal 0 0 1
    outer loop
      vertex 95 -14.5 80
      vertex 7 -19.3 80
      vertex 92 -19.3 80
    endloop
  endfacet
  facet normal 0 0 1
    outer loop
      vertex 4 -34.5 80
      vertex 7 -19.3 80
      vertex 4 -14.5 80
    endloop
  endfacet
  facet normal -0 0 1
    outer loop
      vertex 4 -14.5 80
      vertex 7 -19.3 80
      vertex 95 -14.5 80
    endloop
  endfacet
  facet normal -0 0 1
    outer loop
      vertex 92 -31.5 80
      vertex 95 -34.5 80
      vertex 92 -19.3 80
    endloop
  endfacet
  facet normal -0 0 1
    outer loop
      vertex 7 -31.5 80
      vertex 95 -34.5 80
      vertex 92 -31.5 80
    endloop
  endfacet
  facet normal 0 0 1
    outer loop
      vertex 7 -31.5 80
      vertex 4 -34.5 80
      vertex 95 -34.5 80
    endloop
  endfacet
  facet normal 0 0 1
    outer loop
      vertex 7 -19.3 80
      vertex 4 -34.5 80
      vertex 7 -31.5 80
    endloop
  endfacet
  facet normal 1 0 0
    outer loop
      vertex 95 -14.5 80
      vertex 95 -17.5 0
      vertex 95 -14.5 0
    endloop
  endfacet
  facet normal 1 -0 0
    outer loop
      vertex 95 -34.5 80
      vertex 95 -17.5 0
      vertex 95 -14.5 80
    endloop
  endfacet
  facet normal 1 0 0
    outer loop
      vertex 95 -34.5 -8
      vertex 95 -17.5 0
      vertex 95 -34.5 80
    endloop
  endfacet
  facet normal 1 0 0
    outer loop
      vertex 95 -17.5 0
      vertex 95 -34.5 -8
      vertex 95 -17.5 -8
    endloop
  endfacet
  facet normal 0 1 -0
    outer loop
      vertex 71.5 -14.5 14.0378
      vertex 68.5 -14.5 18
      vertex 71.5 -14.5 18
    endloop
  endfacet
  facet normal 0 1 0
    outer loop
      vertex 71.5 -14.5 14.0378
      vertex 68.5 -14.5 14.0378
      vertex 68.5 -14.5 18
    endloop
  endfacet
  facet normal 0 1 0
    outer loop
      vertex 72.09 -14.5 13.89
      vertex 68.5 -14.5 14.0378
      vertex 71.5 -14.5 14.0378
    endloop
  endfacet
  facet normal 0 1 0
    outer loop
      vertex 72.09 -14.5 13.89
      vertex 67.91 -14.5 13.89
      vertex 68.5 -14.5 14.0378
    endloop
  endfacet
  facet normal 0 1 0
    outer loop
      vertex 72.7553 -14.5 13.6519
      vertex 67.91 -14.5 13.89
      vertex 72.09 -14.5 13.89
    endloop
  endfacet
  facet normal 0 1 0
    outer loop
      vertex 72.7553 -14.5 13.6519
      vertex 67.2447 -14.5 13.6519
      vertex 67.91 -14.5 13.89
    endloop
  endfacet
  facet normal 0 1 0
    outer loop
      vertex 73.3941 -14.5 13.3498
      vertex 67.2447 -14.5 13.6519
      vertex 72.7553 -14.5 13.6519
    endloop
  endfacet
  facet normal 0 1 0
    outer loop
      vertex 73.3941 -14.5 13.3498
      vertex 66.6059 -14.5 13.3498
      vertex 67.2447 -14.5 13.6519
    endloop
  endfacet
  facet normal 0 1 0
    outer loop
      vertex 74.0001 -14.5 12.9866
      vertex 66.6059 -14.5 13.3498
      vertex 73.3941 -14.5 13.3498
    endloop
  endfacet
  facet normal 0 1 0
    outer loop
      vertex 74.0001 -14.5 12.9866
      vertex 65.9999 -14.5 12.9866
      vertex 66.6059 -14.5 13.3498
    endloop
  endfacet
  facet normal 0 1 0
    outer loop
      vertex 74.5676 -14.5 12.5657
      vertex 65.9999 -14.5 12.9866
      vertex 74.0001 -14.5 12.9866
    endloop
  endfacet
  facet normal 0 1 0
    outer loop
      vertex 74.5676 -14.5 12.5657
      vertex 65.4324 -14.5 12.5657
      vertex 65.9999 -14.5 12.9866
    endloop
  endfacet
  facet normal 0 1 0
    outer loop
      vertex 75.0912 -14.5 12.0912
      vertex 65.4324 -14.5 12.5657
      vertex 74.5676 -14.5 12.5657
    endloop
  endfacet
  facet normal 0 1 0
    outer loop
      vertex 75.0912 -14.5 12.0912
      vertex 64.9088 -14.5 12.0912
      vertex 65.4324 -14.5 12.5657
    endloop
  endfacet
  facet normal 0 1 0
    outer loop
      vertex 75.5657 -14.5 11.5676
      vertex 64.9088 -14.5 12.0912
      vertex 75.0912 -14.5 12.0912
    endloop
  endfacet
  facet normal 0 1 0
    outer loop
      vertex 75.5657 -14.5 11.5676
      vertex 64.4343 -14.5 11.5676
      vertex 64.9088 -14.5 12.0912
    endloop
  endfacet
  facet normal 0 1 0
    outer loop
      vertex 75.9866 -14.5 11.0001
      vertex 64.4343 -14.5 11.5676
      vertex 75.5657 -14.5 11.5676
    endloop
  endfacet
  facet normal 0 1 0
    outer loop
      vertex 75.9866 -14.5 11.0001
      vertex 64.0134 -14.5 11.0001
      vertex 64.4343 -14.5 11.5676
    endloop
  endfacet
  facet normal 0 1 0
    outer loop
      vertex 76.3498 -14.5 10.3941
      vertex 64.0134 -14.5 11.0001
      vertex 75.9866 -14.5 11.0001
    endloop
  endfacet
  facet normal 0 1 0
    outer loop
      vertex 76.3498 -14.5 10.3941
      vertex 63.6502 -14.5 10.3941
      vertex 64.0134 -14.5 11.0001
    endloop
  endfacet
  facet normal 0 1 0
    outer loop
      vertex 76.6519 -14.5 9.75532
      vertex 63.6502 -14.5 10.3941
      vertex 76.3498 -14.5 10.3941
    endloop
  endfacet
  facet normal 0 1 0
    outer loop
      vertex 76.6519 -14.5 9.75532
      vertex 63.3481 -14.5 9.75532
      vertex 63.6502 -14.5 10.3941
    endloop
  endfacet
  facet normal 0 1 0
    outer loop
      vertex 76.89 -14.5 9.09005
      vertex 63.3481 -14.5 9.75532
      vertex 76.6519 -14.5 9.75532
    endloop
  endfacet
  facet normal 0 1 0
    outer loop
      vertex 76.89 -14.5 9.09005
      vertex 63.11 -14.5 9.09005
      vertex 63.3481 -14.5 9.75532
    endloop
  endfacet
  facet normal 0 1 0
    outer loop
      vertex 77.0617 -14.5 8.40465
      vertex 63.11 -14.5 9.09005
      vertex 76.89 -14.5 9.09005
    endloop
  endfacet
  facet normal 0 1 0
    outer loop
      vertex 77.0617 -14.5 8.40465
      vertex 62.9383 -14.5 8.40465
      vertex 63.11 -14.5 9.09005
    endloop
  endfacet
  facet normal 0 1 0
    outer loop
      vertex 77.1653 -14.5 7.70572
      vertex 62.9383 -14.5 8.40465
      vertex 77.0617 -14.5 8.40465
    endloop
  endfacet
  facet normal 0 1 0
    outer loop
      vertex 77.1653 -14.5 7.70572
      vertex 62.8347 -14.5 7.70572
      vertex 62.9383 -14.5 8.40465
    endloop
  endfacet
  facet normal 0 1 0
    outer loop
      vertex 77.2 -14.5 7
      vertex 62.8347 -14.5 7.70572
      vertex 77.1653 -14.5 7.70572
    endloop
  endfacet
  facet normal 0 1 0
    outer loop
      vertex 77.2 -14.5 7
      vertex 62.8 -14.5 7
      vertex 62.8347 -14.5 7.70572
    endloop
  endfacet
  facet normal 0 1 -0
    outer loop
      vertex 77.1653 -14.5 6.29428
      vertex 62.8 -14.5 7
      vertex 77.2 -14.5 7
    endloop
  endfacet
  facet normal 0 1 0
    outer loop
      vertex 77.1653 -14.5 6.29428
      vertex 62.8347 -14.5 6.29428
      vertex 62.8 -14.5 7
    endloop
  endfacet
  facet normal 0 1 -0
    outer loop
      vertex 77.0617 -14.5 5.59535
      vertex 62.8347 -14.5 6.29428
      vertex 77.1653 -14.5 6.29428
    endloop
  endfacet
  facet normal 0 1 0
    outer loop
      vertex 77.0617 -14.5 5.59535
      vertex 62.9383 -14.5 5.59535
      vertex 62.8347 -14.5 6.29428
    endloop
  endfacet
  facet normal 0 1 -0
    outer loop
      vertex 76.89 -14.5 4.90995
      vertex 62.9383 -14.5 5.59535
      vertex 77.0617 -14.5 5.59535
    endloop
  endfacet
  facet normal 0 1 0
    outer loop
      vertex 76.89 -14.5 4.90995
      vertex 63.11 -14.5 4.90995
      vertex 62.9383 -14.5 5.59535
    endloop
  endfacet
  facet normal 0 1 -0
    outer loop
      vertex 76.6519 -14.5 4.24468
      vertex 63.11 -14.5 4.90995
      vertex 76.89 -14.5 4.90995
    endloop
  endfacet
  facet normal 0 1 0
    outer loop
      vertex 76.6519 -14.5 4.24468
      vertex 63.3481 -14.5 4.24468
      vertex 63.11 -14.5 4.90995
    endloop
  endfacet
  facet normal 0 1 -0
    outer loop
      vertex 76.3498 -14.5 3.60594
      vertex 63.3481 -14.5 4.24468
      vertex 76.6519 -14.5 4.24468
    endloop
  endfacet
  facet normal 0 1 0
    outer loop
      vertex 76.3498 -14.5 3.60594
      vertex 63.6502 -14.5 3.60594
      vertex 63.3481 -14.5 4.24468
    endloop
  endfacet
  facet normal 0 1 -0
    outer loop
      vertex 75.9866 -14.5 2.99989
      vertex 63.6502 -14.5 3.60594
      vertex 76.3498 -14.5 3.60594
    endloop
  endfacet
  facet normal 0 1 0
    outer loop
      vertex 75.9866 -14.5 2.99989
      vertex 64.0134 -14.5 2.99989
      vertex 63.6502 -14.5 3.60594
    endloop
  endfacet
  facet normal 0 1 -0
    outer loop
      vertex 75.5657 -14.5 2.43237
      vertex 64.0134 -14.5 2.99989
      vertex 75.9866 -14.5 2.99989
    endloop
  endfacet
  facet normal 0 1 0
    outer loop
      vertex 75.5657 -14.5 2.43237
      vertex 64.4343 -14.5 2.43237
      vertex 64.0134 -14.5 2.99989
    endloop
  endfacet
  facet normal 0 1 -0
    outer loop
      vertex 75.0912 -14.5 1.90883
      vertex 64.4343 -14.5 2.43237
      vertex 75.5657 -14.5 2.43237
    endloop
  endfacet
  facet normal 0 1 0
    outer loop
      vertex 75.0912 -14.5 1.90883
      vertex 64.9088 -14.5 1.90883
      vertex 64.4343 -14.5 2.43237
    endloop
  endfacet
  facet normal 0 1 -0
    outer loop
      vertex 74.5676 -14.5 1.43432
      vertex 64.9088 -14.5 1.90883
      vertex 75.0912 -14.5 1.90883
    endloop
  endfacet
  facet normal 0 1 0
    outer loop
      vertex 74.5676 -14.5 1.43432
      vertex 65.4324 -14.5 1.43432
      vertex 64.9088 -14.5 1.90883
    endloop
  endfacet
  facet normal 0 1 -0
    outer loop
      vertex 74.0001 -14.5 1.01342
      vertex 65.4324 -14.5 1.43432
      vertex 74.5676 -14.5 1.43432
    endloop
  endfacet
  facet normal 0 1 0
    outer loop
      vertex 74.0001 -14.5 1.01342
      vertex 65.9999 -14.5 1.01342
      vertex 65.4324 -14.5 1.43432
    endloop
  endfacet
  facet normal 0 1 -0
    outer loop
      vertex 73.3941 -14.5 0.650167
      vertex 65.9999 -14.5 1.01342
      vertex 74.0001 -14.5 1.01342
    endloop
  endfacet
  facet normal 0 1 0
    outer loop
      vertex 73.3941 -14.5 0.650167
      vertex 66.6059 -14.5 0.650167
      vertex 65.9999 -14.5 1.01342
    endloop
  endfacet
  facet normal 0 1 -0
    outer loop
      vertex 72.7553 -14.5 0.348067
      vertex 66.6059 -14.5 0.650167
      vertex 73.3941 -14.5 0.650167
    endloop
  endfacet
  facet normal 0 1 0
    outer loop
      vertex 72.7553 -14.5 0.348067
      vertex 67.2447 -14.5 0.348067
      vertex 66.6059 -14.5 0.650167
    endloop
  endfacet
  facet normal 0 1 0
    outer loop
      vertex 71.6508 -14.5 0
      vertex 72.7553 -14.5 0.348067
      vertex 72.09 -14.5 0.110029
    endloop
  endfacet
  facet normal 0 1 0
    outer loop
      vertex 72.7553 -14.5 0.348067
      vertex 71.6508 -14.5 0
      vertex 67.2447 -14.5 0.348067
    endloop
  endfacet
  facet normal 0 1 -0
    outer loop
      vertex 68.3492 -14.5 0
      vertex 67.2447 -14.5 0.348067
      vertex 71.6508 -14.5 0
    endloop
  endfacet
  facet normal 0 1 0
    outer loop
      vertex 67.2447 -14.5 0.348067
      vertex 68.3492 -14.5 0
      vertex 67.91 -14.5 0.110029
    endloop
  endfacet
  facet normal 0 1 0
    outer loop
      vertex 71.5 -14.5 18
      vertex 95 -14.5 80
      vertex 81 -14.5 18
    endloop
  endfacet
  facet normal 0 1 -0
    outer loop
      vertex 95 -14.5 0
      vertex 81 -14.5 18
      vertex 95 -14.5 80
    endloop
  endfacet
  facet normal 0 1 0
    outer loop
      vertex 81 -14.5 18
      vertex 95 -14.5 0
      vertex 81 -14.5 0
    endloop
  endfacet
  facet normal 0 1 0
    outer loop
      vertex 68.5 -14.5 18
      vertex 95 -14.5 80
      vertex 71.5 -14.5 18
    endloop
  endfacet
  facet normal 0 1 0
    outer loop
      vertex 59 -14.5 18
      vertex 95 -14.5 80
      vertex 68.5 -14.5 18
    endloop
  endfacet
  facet normal 0 1 0
    outer loop
      vertex 95 -14.5 80
      vertex 59 -14.5 18
      vertex 4 -14.5 80
    endloop
  endfacet
  facet normal 0 1 0
    outer loop
      vertex 4 -14.5 0
      vertex 59 -14.5 18
      vertex 59 -14.5 0
    endloop
  endfacet
  facet normal 0 1 0
    outer loop
      vertex 59 -14.5 18
      vertex 4 -14.5 0
      vertex 4 -14.5 80
    endloop
  endfacet
  facet normal 0 -1 0
    outer loop
      vertex 4 -34.5 80
      vertex 40.5 -34.5 21
      vertex 95 -34.5 80
    endloop
  endfacet
  facet normal 0 -1 0
    outer loop
      vertex 4 -34.5 -8
      vertex 40.5 -34.5 21
      vertex 4 -34.5 80
    endloop
  endfacet
  facet normal 0 -1 -0
    outer loop
      vertex 40.5 -34.5 3
      vertex 4 -34.5 -8
      vertex 58.5 -34.5 3
    endloop
  endfacet
  facet normal 0 -1 -0
    outer loop
      vertex 40.5 -34.5 21
      vertex 4 -34.5 -8
      vertex 40.5 -34.5 3
    endloop
  endfacet
  facet normal 0 -1 0
    outer loop
      vertex 58.5 -34.5 21
      vertex 95 -34.5 80
      vertex 40.5 -34.5 21
    endloop
  endfacet
  facet normal 0 -1 0
    outer loop
      vertex 95 -34.5 -8
      vertex 58.5 -34.5 21
      vertex 58.5 -34.5 3
    endloop
  endfacet
  facet normal 0 -1 0
    outer loop
      vertex 58.5 -34.5 21
      vertex 95 -34.5 -8
      vertex 95 -34.5 80
    endloop
  endfacet
  facet normal 0 -1 0
    outer loop
      vertex 95 -34.5 -8
      vertex 58.5 -34.5 3
      vertex 4 -34.5 -8
    endloop
  endfacet
  facet normal 1 -0 0
    outer loop
      vertex 7 -31.5 80
      vertex 7 -19.3 -5
      vertex 7 -19.3 80
    endloop
  endfacet
  facet normal 1 0 0
    outer loop
      vertex 7 -19.3 -5
      vertex 7 -31.5 80
      vertex 7 -31.5 -5
    endloop
  endfacet
  facet normal -1 0 0
    outer loop
      vertex 92 -31.5 -5
      vertex 92 -19.3 80
      vertex 92 -19.3 -5
    endloop
  endfacet
  facet normal -1 -0 0
    outer loop
      vertex 92 -19.3 80
      vertex 92 -31.5 -5
      vertex 92 -31.5 80
    endloop
  endfacet
  facet normal 0 -1 0
    outer loop
      vertex 7 -19.3 -5
      vertex 92 -19.3 80
      vertex 7 -19.3 80
    endloop
  endfacet
  facet normal 0 -1 -0
    outer loop
      vertex 92 -19.3 80
      vertex 7 -19.3 -5
      vertex 92 -19.3 -5
    endloop
  endfacet
  facet normal -0 0 1
    outer loop
      vertex 7 -19.3 -5
      vertex 92 -31.5 -5
      vertex 92 -19.3 -5
    endloop
  endfacet
  facet normal 0 0 1
    outer loop
      vertex 92 -31.5 -5
      vertex 7 -19.3 -5
      vertex 7 -31.5 -5
    endloop
  endfacet
  facet normal 0 1 0
    outer loop
      vertex 92 -31.5 80
      vertex 58.5 -31.5 21
      vertex 7 -31.5 80
    endloop
  endfacet
  facet normal 0 1 -0
    outer loop
      vertex 92 -31.5 -5
      vertex 58.5 -31.5 21
      vertex 92 -31.5 80
    endloop
  endfacet
  facet normal 0 1 0
    outer loop
      vertex 58.5 -31.5 3
      vertex 92 -31.5 -5
      vertex 40.5 -31.5 3
    endloop
  endfacet
  facet normal 0 1 0
    outer loop
      vertex 58.5 -31.5 21
      vertex 92 -31.5 -5
      vertex 58.5 -31.5 3
    endloop
  endfacet
  facet normal 0 1 -0
    outer loop
      vertex 40.5 -31.5 21
      vertex 7 -31.5 80
      vertex 58.5 -31.5 21
    endloop
  endfacet
  facet normal 0 1 0
    outer loop
      vertex 7 -31.5 -5
      vertex 40.5 -31.5 21
      vertex 40.5 -31.5 3
    endloop
  endfacet
  facet normal 0 1 0
    outer loop
      vertex 40.5 -31.5 21
      vertex 7 -31.5 -5
      vertex 7 -31.5 80
    endloop
  endfacet
  facet normal 0 1 0
    outer loop
      vertex 7 -31.5 -5
      vertex 40.5 -31.5 3
      vertex 92 -31.5 -5
    endloop
  endfacet
  facet normal 1 -0 0
    outer loop
      vertex 40.5 -34.5 21
      vertex 40.5 -31.5 3
      vertex 40.5 -31.5 21
    endloop
  endfacet
  facet normal 1 0 0
    outer loop
      vertex 40.5 -31.5 3
      vertex 40.5 -34.5 21
      vertex 40.5 -34.5 3
    endloop
  endfacet
  facet normal 0 0 -1
    outer loop
      vertex 40.5 -34.5 21
      vertex 58.5 -31.5 21
      vertex 58.5 -34.5 21
    endloop
  endfacet
  facet normal -0 0 -1
    outer loop
      vertex 58.5 -31.5 21
      vertex 40.5 -34.5 21
      vertex 40.5 -31.5 21
    endloop
  endfacet
  facet normal -1 0 0
    outer loop
      vertex 58.5 -34.5 3
      vertex 58.5 -31.5 21
      vertex 58.5 -31.5 3
    endloop
  endfacet
  facet normal -1 -0 0
    outer loop
      vertex 58.5 -31.5 21
      vertex 58.5 -34.5 3
      vertex 58.5 -34.5 21
    endloop
  endfacet
  facet normal -0 0 1
    outer loop
      vertex 40.5 -31.5 3
      vertex 58.5 -34.5 3
      vertex 58.5 -31.5 3
    endloop
  endfacet
  facet normal 0 0 1
    outer loop
      vertex 58.5 -34.5 3
      vertex 40.5 -31.5 3
      vertex 40.5 -34.5 3
    endloop
  endfacet
endsolid OpenSCAD_Model
